"","hour","meanH","sdH","minH","maxH","varH","rateH","posH","negH","neutH","proximityH"
"1","Feb 01 07",0.5859,NA,0.5859,0.5859,NA,1,0.202,0,0.798,-323.762777777778
"2","Feb 01 08",0.5124,0.103944696834422,0.4389,0.5859,0.0108045,2,0.213,0,0.787,-322.542361111111
"3","Feb 01 09",0.0347090909090909,0.11511703135979,0,0.3818,0.0132519309090909,11,0.0261818181818182,0.0170909090909091,0.956636363636364,-321.808005050505
"4","Feb 01 10",0.0885,0.297331639756014,-0.296,0.5859,0.088406104,6,0.0478333333333333,0.0201666666666667,0.932,-320.908796296296
"5","Feb 01 11",0.018825,0.44817171095463,-0.5106,0.5859,0.2008578825,4,0.07425,0.05375,0.87225,-320.077013888889
"6","Feb 01 12",-0.167985714285714,0.342412453183639,-0.7096,0.4389,0.117246288095238,7,0.0845714285714286,0.110285714285714,0.804714285714286,-318.95880952381
"7","Feb 01 13",0.1097,0.436043623964392,-0.8236,0.6633,0.190134042,11,0.147090909090909,0.0686363636363636,0.784181818181818,-317.84601010101
"8","Feb 01 14",0.16785,0.533703111289413,-0.7506,0.5859,0.284839011,6,0.109833333333333,0.0526666666666667,0.8375,-316.758703703704
"9","Feb 01 15",-0.17203125,0.451180138036165,-0.8074,0.7783,0.203563516958333,16,0.07375,0.1171875,0.8089375,-315.801284722222
"10","Feb 01 16",-0.47377,0.369523335753869,-0.8466,0,0.136547495666667,10,0.006,0.1811,0.8128,-314.652777777778
"11","Feb 01 17",-0.227355555555556,0.536983337988971,-0.8677,0.5859,0.288351105277778,9,0.0625555555555556,0.135555555555556,0.801888888888889,-313.843827160494
"12","Feb 01 18",-0.195533333333333,0.438984509434911,-0.9191,0.5859,0.19270739952381,15,0.0811333333333333,0.157466666666667,0.761266666666667,-312.831240740741
"13","Feb 01 19",-0.188433333333333,0.549535123322164,-0.8625,0.8173,0.301988851764706,18,0.0738333333333333,0.1465,0.779611111111111,-311.877160493827
"14","Feb 01 20",-0.20995,0.444433180697912,-0.8074,0.5859,0.197520852105263,20,0.0844,0.1554,0.76025,-310.930944444444
"15","Feb 01 21",-0.0647933333333333,0.456634186922822,-0.7964,0.6808,0.208514780666667,15,0.0867333333333333,0.105866666666667,0.807533333333333,-309.802814814815
"16","Feb 01 22",-0.0616642857142857,0.386760519437551,-0.7992,0.5859,0.149583699395604,14,0.0417142857142857,0.0656428571428571,0.892642857142857,-308.79128968254
"17","Feb 01 23",-0.0867190476190476,0.411015676853143,-0.7955,0.5859,0.168933886619048,21,0.0584285714285714,0.0924285714285714,0.849142857142857,-307.788624338624
"18","Feb 02 00",0.1212,0.460705377654744,-0.8338,0.5859,0.212249445,9,0.126444444444444,0.0876666666666667,0.786,-306.78787037037
"19","Feb 02 01",0.00811999999999999,0.389429587987354,-0.7506,0.5859,0.151655404,10,0.0457,0.0571,0.8972,-305.777472222222
"20","Feb 02 02",-0.104666666666667,0.451541269537169,-0.8442,0.5859,0.203889518095238,15,0.0538,0.1008,0.8454,-304.901611111111
"21","Feb 02 03",0.0148153846153846,0.348373290801103,-0.8369,0.5859,0.12136394974359,13,0.0509230769230769,0.0494615384615385,0.899615384615385,-303.695192307692
"22","Feb 02 04",-0.0692384615384615,0.334732571212855,-0.5994,0.5859,0.112045894230769,13,0.0453076923076923,0.0696153846153846,0.885076923076923,-302.894978632479
"23","Feb 02 05",0.06355,0.53882073085582,-0.8074,0.7344,0.29032778,8,0.12225,0.10525,0.77275,-301.898402777778
"24","Feb 02 06",-0.108457142857143,0.468078258617591,-0.836,0.4215,0.219097256190476,7,0.0618571428571429,0.129714285714286,0.808428571428571,-300.932817460317
"25","Feb 02 07",0.167985714285714,0.232323197497017,0,0.5859,0.0539740680952381,7,0.0745714285714286,0.0204285714285714,0.905,-299.69126984127
"26","Feb 02 08",-0.1484375,0.45564073547196,-0.8338,0.34,0.207608479821429,8,0.049,0.09425,0.85675,-298.895555555556
"27","Feb 02 09",-0.2562,0.272383608170536,-0.5423,0,0.07419283,3,0.02,0.0796666666666667,0.9,-298.01712962963
"28","Feb 02 10",0.5498,0.338422347075367,0,0.8349,0.114529685,5,0.2354,0,0.7646,-296.89
"29","Feb 02 11",-0.03701,0.503650108816737,-0.8271,0.5859,0.253663432111111,10,0.0819,0.1015,0.8166,-295.843222222222
"30","Feb 02 12",-0.0594888888888889,0.548085094771889,-0.8442,0.5859,0.300397271111111,9,0.0701111111111111,0.0901111111111111,0.839666666666667,-294.899382716049
"31","Feb 02 13",-0.233245454545455,0.515985287316676,-0.8321,0.5859,0.266240816727273,11,0.0399090909090909,0.125727272727273,0.834363636363636,-293.953661616162
"32","Feb 02 14",-0.127616666666667,0.411720070024047,-0.9042,0.4404,0.169513416060606,12,0.0485833333333333,0.08775,0.863666666666667,-292.87875
"33","Feb 02 15",0.069725,0.312687441118657,-0.2306,0.5095,0.0977734358333333,4,0.085,0.0565,0.8585,-291.918888888889
"34","Feb 02 16",0.09501,0.579049839440057,-0.872,0.5859,0.335298716555556,10,0.1399,0.0777,0.7824,-290.818666666667
"35","Feb 02 17",-0.295311111111111,0.734939928573153,-0.875,0.9224,0.540136698611111,9,0.157222222222222,0.242222222222222,0.600555555555556,-289.904537037037
"36","Feb 02 18",-0.15045,0.499907468104515,-0.875,0.2732,0.249907476666667,4,0.06475,0.105,0.83025,-288.869861111111
"37","Feb 02 19",-0.261558333333333,0.701014981629991,-0.875,0.9493,0.491422004469697,12,0.165916666666667,0.233,0.601083333333333,-287.763402777778
"38","Feb 02 20",-0.280725,0.609122175757869,-0.8916,0.5859,0.371029825,8,0.103875,0.19225,0.703875,-287.038194444444
"39","Feb 02 21",-0.347788888888889,0.598089803968527,-0.8957,0.5859,0.357711413611111,9,0.123111111111111,0.238333333333333,0.638555555555556,-285.979043209877
"40","Feb 02 22",-0.0138333333333334,0.529283340628313,-0.7717,0.5859,0.280140854666667,6,0.121833333333333,0.113,0.765166666666667,-284.795
"41","Feb 02 23",-0.324666666666667,0.400138005359818,-0.7717,0,0.160110423333333,3,0.0453333333333333,0.137333333333333,0.817333333333333,-284.119907407407
"42","Feb 03 00",-0.195428571428571,0.576333328651299,-0.7717,0.5859,0.332160105714286,7,0.103,0.142714285714286,0.754285714285714,-282.879880952381
"43","Feb 03 01",-0.556542857142857,0.443150745071181,-0.875,0.1693,0.196382582857143,7,0.106571428571429,0.278285714285714,0.615142857142857,-281.650436507936
"44","Feb 03 02",-0.254372727272727,0.459354897853303,-0.8916,0.4389,0.211006922181818,11,0.0450909090909091,0.113727272727273,0.841181818181818,-280.921767676768
"45","Feb 03 03",-0.0861,0.718927263358401,-0.8442,0.5859,0.51685641,3,0.0673333333333333,0.119666666666667,0.813,-279.956759259259
"46","Feb 03 04",0,NA,0,0,NA,1,0,0,1,-278.686666666667
"47","Feb 03 05",0.1796375,0.622396472027965,-0.7717,0.6369,0.387377368392857,8,0.165625,0.08325,0.751125,-278.006215277778
"48","Feb 03 06",-0.235271428571429,0.605201447768388,-0.875,0.5859,0.366268792380952,7,0.119142857142857,0.174571428571429,0.706285714285714,-276.876428571429
"49","Feb 05 01",-0.49622,0.423825327752418,-0.9217,0.2808,0.179627908444444,10,0.0477,0.2239,0.7284,-233.566055555556
"50","Feb 05 02",-0.625033333333333,0.376186263313644,-0.8658,0.2732,0.141516104705882,18,0.0530555555555556,0.259888888888889,0.687055555555556,-233.022345679012
"51","Feb 05 03",-0.318989473684211,0.556796311145524,-0.9513,0.6808,0.310022132105263,19,0.0928947368421053,0.203578947368421,0.703368421052632,-231.822660818713
"52","Feb 05 04",-0.1964,0.730134832296976,-0.9217,0.6369,0.533096873333333,7,0.0998571428571429,0.188,0.712142857142857,-230.658452380952
"53","Feb 05 05",-0.4486,0.539246707387789,-0.8658,0.5859,0.290787011428571,8,0.10525,0.2425,0.65225,-229.920104166667
"54","Feb 05 06",-0.355557142857143,0.662892376526645,-0.7717,0.6369,0.439426302857143,7,0.156428571428571,0.215714285714286,0.627857142857143,-228.952023809524
"55","Feb 05 08",-0.277483333333333,0.684577710465851,-0.886,0.5859,0.468646641666667,6,0.098,0.202666666666667,0.699333333333333,-226.828472222222
"56","Feb 05 09",0.29295,0.414293863097198,0,0.5859,0.171639405,2,0.101,0,0.899,-225.611805555556
"57","Feb 05 10",-0.48035,0.198484873479064,-0.6207,-0.34,0.039396245,2,0,0.2235,0.7765,-224.962777777778
"58","Feb 05 11",0.0749666666666667,0.708503548803156,-0.9022,0.6808,0.501977278666667,6,0.138833333333333,0.116666666666667,0.7445,-223.722824074074
"59","Feb 05 12",-0.5043875,0.429327408986595,-0.8658,0,0.184322024107143,8,0.0345,0.221625,0.743875,-222.641597222222
"60","Feb 05 13",-0.0127625,0.71761822507813,-0.8658,0.6696,0.514975916964286,8,0.147,0.14375,0.70925,-221.908888888889
"61","Feb 05 14",-0.631528571428571,0.538665139377844,-0.8658,0.5859,0.290160132380952,7,0.0922857142857143,0.302571428571429,0.605142857142857,-220.689801587302
"62","Feb 05 15",-0.308764285714286,0.576400522616459,-0.9022,0.6369,0.332237562472527,14,0.0665,0.200428571428571,0.733071428571429,-219.77373015873
"63","Feb 05 16",-0.162152941176471,0.633535494386115,-0.8658,0.6114,0.401367222647059,17,0.116764705882353,0.165352941176471,0.717941176470588,-218.865931372549
"64","Feb 05 17",-0.2740125,0.621704287623947,-0.9217,0.6114,0.38651622125,8,0.0785,0.191625,0.72975,-217.893784722222
"65","Feb 05 18",-0.1844,0.64723409829829,-0.872,0.6395,0.418911978,11,0.0959090909090909,0.145545454545455,0.758545454545455,-216.955934343434
"66","Feb 05 19",-0.098,0.450974387500907,-0.7783,0.6114,0.203377898181818,12,0.0625,0.0808333333333333,0.856583333333333,-216.128773148148
"67","Feb 05 20",0.0291230769230769,0.549905107198576,-0.8658,0.6114,0.302395626923077,13,0.103384615384615,0.0905384615384615,0.806,-214.856346153846
"68","Feb 05 21",-0.143935714285714,0.553801025927798,-0.9058,0.6114,0.306695576318681,14,0.0800714285714286,0.151642857142857,0.768285714285714,-213.780853174603
"69","Feb 05 22",-0.0896285714285714,0.602394471295694,-0.8658,0.5859,0.362879099047619,7,0.0825714285714286,0.118,0.799428571428571,-212.955873015873
"70","Feb 05 23",0.09182,0.426455809355827,-0.7717,0.5859,0.181864557333333,10,0.1296,0.0888,0.7816,-211.765333333333
"71","Feb 06 00",-0.4564875,0.622017524873697,-0.9341,0.7804,0.38690580125,8,0.056375,0.2955,0.64825,-210.795763888889
"72","Feb 06 01",-0.276607142857143,0.6373724795105,-0.9601,0.6486,0.406243677637363,14,0.0792142857142857,0.1975,0.723285714285714,-209.789682539683
"73","Feb 06 02",-0.417754545454545,0.476729651613231,-0.9186,0.4767,0.227271160727273,11,0.0433636363636364,0.212636363636364,0.744,-208.969494949495
"74","Feb 06 03",0.0761555555555555,0.480700514839874,-0.8029,0.6037,0.23107298496732,18,0.107888888888889,0.071,0.821166666666667,-207.88725308642
"75","Feb 06 04",-0.538225,0.364543498776209,-0.8074,0,0.1328919625,4,0.05275,0.20175,0.7455,-206.570833333333
"76","Feb 06 05",-0.0230666666666667,0.497580340246678,-0.7717,0.5859,0.247586195,9,0.137,0.109333333333333,0.753666666666667,-205.868703703704
"77","Feb 06 06",0.12094,0.605847388374333,-0.8658,0.6114,0.367051058,5,0.1532,0.0964,0.7504,-204.942444444444
"78","Feb 06 07",-0.4198,0.337019010344125,-0.7184,0,0.113581813333333,4,0.103,0.225,0.672,-203.589652777778
"79","Feb 06 08",-0.3201,0.356608216394407,-0.8658,0,0.12716942,5,0.0086,0.149,0.8424,-202.828444444444
"80","Feb 06 09",-0.0664142857142857,0.462856095089937,-0.8858,0.5859,0.214235764761905,7,0.0631428571428571,0.0911428571428572,0.845714285714286,-201.870198412698
"81","Feb 06 10",0.26735,0.558572332827182,-0.765,0.6114,0.312003051,6,0.1565,0.0591666666666667,0.784333333333333,-200.91625
"82","Feb 06 11",0.0173333333333333,0.443258318556682,-0.7316,0.5859,0.196477936969697,12,0.0779166666666667,0.0700833333333333,0.852,-199.818148148148
"83","Feb 06 12",-0.00845454545454547,0.636449008740899,-0.8658,0.5859,0.405067340727273,11,0.127727272727273,0.134181818181818,0.738090909090909,-198.828282828283
"84","Feb 06 13",0.2182125,0.489887562439927,-0.5994,0.8439,0.239989823833333,16,0.149,0.0459375,0.8050625,-197.951892361111
"85","Feb 06 14",-0.0902266666666667,0.603619418255607,-0.952,0.5859,0.364356402095238,15,0.0719333333333333,0.138,0.790066666666667,-196.843444444444
"86","Feb 06 15",-0.0737941176470588,0.583750882730155,-0.8834,0.7901,0.340765093088235,17,0.149117647058824,0.161882352941176,0.689117647058824,-195.951846405229
"87","Feb 06 16",0.2440875,0.526333584811002,-0.7717,0.8658,0.2770270425,16,0.19675,0.072625,0.730625,-194.7165625
"88","Feb 06 17",0.180108333333333,0.491237430944147,-0.874,0.5859,0.241314213560606,12,0.142833333333333,0.0646666666666667,0.7925,-193.942337962963
"89","Feb 06 18",-0.0251785714285714,0.548118881235661,-0.7717,0.7034,0.300434307967033,14,0.116,0.113,0.771,-192.816646825397
"90","Feb 06 19",-0.247990476190476,0.514189251059143,-0.8229,0.5859,0.264390585904762,21,0.0490952380952381,0.15052380952381,0.800380952380952,-191.823677248677
"91","Feb 06 20",0.0461,0.520075439582704,-0.6597,0.5859,0.270478462857143,15,0.128066666666667,0.100466666666667,0.771466666666667,-190.715666666667
"92","Feb 06 21",-0.162768421052632,0.536112997057556,-0.8402,0.5859,0.287417145614035,19,0.0745263157894737,0.132,0.793473684210526,-189.872192982456
"93","Feb 06 22",-0.26994375,0.425679840519844,-0.8934,0.5859,0.181203326625,16,0.039875,0.1329375,0.827,-188.884704861111
"94","Feb 06 23",-0.374626666666667,0.410682751905463,-0.6369,0.5859,0.168660322712644,30,0.0310333333333333,0.174766666666667,0.794266666666667,-187.820666666667
"95","Feb 07 00",-0.447755172413793,0.461643348411959,-0.9072,0.5859,0.213114581133005,29,0.029,0.207620689655172,0.763379310344828,-186.953745210728
"96","Feb 07 01",-0.0507238095238095,0.565522981765341,-0.7717,0.8658,0.319816242904762,21,0.0945238095238095,0.102904761904762,0.802571428571429,-185.871137566138
"97","Feb 07 02",-0.3072875,0.40422914194,-0.6369,0.5859,0.163401199193548,32,0.04528125,0.15903125,0.7956875,-184.761796875
"98","Feb 07 03",-0.355103448275862,0.530188293023444,-0.9382,0.7876,0.281099626059113,29,0.0539310344827586,0.193275862068966,0.752793103448276,-183.803007662835
"99","Feb 07 04",-0.514919230769231,0.309402930844852,-0.7096,0.5023,0.0957301736153846,26,0.0207692307692308,0.207961538461538,0.771307692307692,-182.901239316239
"100","Feb 07 05",-0.114595238095238,0.566609398506758,-0.6369,0.6369,0.321046210476191,21,0.0714761904761905,0.13247619047619,0.796047619047619,-181.834854497354
"101","Feb 07 06",-0.445966666666667,0.384768249808383,-0.6369,0.5859,0.148046606060606,12,0.0363333333333333,0.205916666666667,0.75775,-180.678981481481
"102","Feb 07 07",-0.6369,NA,-0.6369,-0.6369,NA,1,0,0.245,0.755,-179.624444444444
"103","Feb 07 08",-0.3595,0.449161193225773,-0.6369,0.5859,0.2017457775,9,0.0224444444444444,0.163333333333333,0.814222222222222,-178.877469135802
"104","Feb 07 09",-0.26675,0.577819576511561,-0.6369,0.5859,0.333875463,6,0.0891666666666667,0.163333333333333,0.7475,-177.893842592593
"105","Feb 07 10",-0.455791666666667,0.376625257344349,-0.6369,0.5859,0.141846584469697,12,0.0455833333333333,0.215833333333333,0.738583333333333,-176.815833333333
"106","Feb 07 11",-0.38374375,0.295538626846531,-0.8516,0,0.0873430799583334,16,0.0365625,0.1765625,0.786875,-175.916319444444
"107","Feb 07 12",-0.33912,0.463818040368665,-0.7717,0.6369,0.215127174571429,15,0.0603333333333333,0.1916,0.748066666666667,-174.762944444444
"108","Feb 07 13",-0.376117142857143,0.400973683664647,-0.6369,0.5859,0.160779894991597,35,0.0263428571428571,0.173428571428571,0.800228571428571,-173.844833333333
"109","Feb 07 14",-0.36722,0.481167024810206,-0.8481,0.5859,0.231521705764706,35,0.0432285714285714,0.1876,0.769171428571429,-172.847896825397
"110","Feb 07 15",-0.453925806451613,0.41328711728268,-0.7964,0.5859,0.170806241311828,31,0.0313225806451613,0.203354838709677,0.765354838709677,-171.861514336918
"111","Feb 07 16",-0.457038888888889,0.397616126633126,-0.6369,0.5859,0.15809858415873,36,0.0299722222222222,0.210027777777778,0.76,-170.930733024691
"112","Feb 07 17",-0.432435185185185,0.460512088283929,-0.7964,0.8957,0.212071383455625,54,0.0382222222222222,0.206574074074074,0.755222222222222,-169.874557613169
"113","Feb 07 18",-0.35367380952381,0.488061462072907,-0.7269,0.5859,0.238203990760743,42,0.0376666666666667,0.176785714285714,0.785547619047619,-168.755145502645
"114","Feb 07 19",-0.46445,0.385158594056731,-0.8481,0.5994,0.148347142575758,34,0.0275,0.204735294117647,0.767735294117647,-167.871495098039
"115","Feb 07 20",-0.454192857142857,0.353191379166395,-0.6369,0.4738,0.12474415031746,28,0.0316785714285714,0.196857142857143,0.771464285714286,-166.876369047619
"116","Feb 07 21",-0.5168,0.279487874188098,-0.6369,0.4284,0.0781134718181818,23,0.0103913043478261,0.207521739130435,0.782086956521739,-165.898369565217
"117","Feb 07 22",-0.291061538461538,0.457768004191576,-0.6369,0.5859,0.209551545661538,26,0.0389615384615385,0.150653846153846,0.810384615384615,-164.848012820513
"118","Feb 07 23",-0.44328275862069,0.391895797073083,-0.9081,0.5859,0.153582315763547,29,0.0216206896551724,0.195793103448276,0.782655172413793,-163.867413793103
"119","Feb 08 00",-0.57351935483871,0.194020255676832,-0.743,0,0.0376438596129033,31,0,0.226290322580645,0.773709677419355,-162.751344086022
"120","Feb 08 01",-0.413052,0.429114900763354,-0.6908,0.802,0.184139598057143,50,0.0439,0.19082,0.76538,-161.825177777778
"121","Feb 08 02",-0.32417027027027,0.458939436736038,-0.8151,0.5859,0.210625406591592,37,0.0401351351351351,0.159972972972973,0.799972972972973,-160.853671171171
"122","Feb 08 03",-0.59045,0.271838971261106,-0.8834,0.7269,0.0738964262962963,28,0.0210357142857143,0.248928571428571,0.730035714285714,-159.779067460317
"123","Feb 08 04",-0.368456,0.453584766131609,-0.6369,0.5994,0.205739140066667,25,0.0366,0.1728,0.79068,-158.852122222222
"124","Feb 08 05",-0.538911111111111,0.321397673568375,-0.793,0.5859,0.103296464575163,18,0.0146666666666667,0.221166666666667,0.764222222222222,-157.888518518519
"125","Feb 08 06",-0.462293333333333,0.374408179601329,-0.6369,0.6289,0.140181484952381,15,0.0188666666666667,0.196133333333333,0.785,-156.956740740741
"126","Feb 08 07",0.1783,0.705983909165074,-0.6369,0.5859,0.49841328,3,0.134666666666667,0.0816666666666667,0.783666666666667,-155.601944444444
"127","Feb 08 08",-0.40748,0.35461372223872,-0.6369,0.1693,0.125750892,5,0.028,0.1906,0.7814,-154.775055555556
"128","Feb 08 09",-0.3312,0.566046409000938,-0.6369,0.5859,0.320408537142857,8,0.0505,0.18375,0.76575,-153.718576388889
"129","Feb 08 10",0.184644444444444,0.50655556484731,-0.6369,0.5859,0.256598540277778,9,0.110888888888889,0.0544444444444444,0.834666666666667,-152.960154320988
"130","Feb 08 11",-0.225933333333333,0.604060582640516,-0.7506,0.8957,0.3648891875,9,0.0796666666666667,0.173,0.747222222222222,-151.799845679012
"131","Feb 08 12",-0.136973333333333,0.601270422244988,-0.6369,0.8957,0.361526120666667,15,0.0976,0.1474,0.755,-150.747407407407
"132","Feb 08 13",-0.462519047619048,0.355647559557278,-0.6369,0.5859,0.126485186619048,21,0.0217619047619048,0.198047619047619,0.780190476190476,-149.946441798942
"133","Feb 08 14",-0.42895,0.428814598354469,-0.6908,0.5859,0.183881959761905,22,0.039,0.191363636363636,0.769681818181818,-148.799671717172
"134","Feb 08 15",-0.227715789473684,0.400646170112396,-0.7579,0.7351,0.160517353625731,19,0.0607894736842105,0.138789473684211,0.800421052631579,-147.911578947368
"135","Feb 08 16",-0.120642105263158,0.597628804634327,-0.8718,0.9633,0.357160188128655,19,0.114263157894737,0.142842105263158,0.743,-146.882792397661
"136","Feb 08 17",-0.221389473684211,0.459763507921599,-0.6369,0.5859,0.211382483216374,19,0.0732105263157895,0.138315789473684,0.788526315789474,-145.891461988304
"137","Feb 08 18",-0.450115384615385,0.367942221112124,-0.6369,0.5859,0.135381478076923,13,0.0331538461538462,0.201307692307692,0.765692307692308,-144.845534188034
"138","Feb 08 19",-0.25466875,0.467923979180023,-0.9538,0.5859,0.218952850291667,16,0.057375,0.1605,0.7819375,-143.76640625
"139","Feb 08 20",-0.4116,0.400641968668815,-0.8271,0.5859,0.160513987058824,18,0.0363888888888889,0.183777777777778,0.779888888888889,-142.911774691358
"140","Feb 08 21",-0.151985,0.469496971880824,-0.886,0.6705,0.220427406605263,20,0.0664,0.1374,0.7961,-141.933166666667
"141","Feb 08 22",-0.0435923076923077,0.446477027146113,-0.7579,0.5859,0.199341735769231,13,0.063,0.0895384615384615,0.847384615384615,-140.962200854701
"142","Feb 08 23",0.20335,0.532063463737593,-0.6369,0.6249,0.283091529444444,10,0.1317,0.0681,0.8001,-140.021611111111
"143","Feb 09 00",0.229265,0.381099542563495,-0.7263,0.5859,0.145236861342105,20,0.1158,0.03555,0.84865,-138.909708333333
"144","Feb 09 01",-0.0766153846153846,0.387372428132054,-0.8779,0.5859,0.150057398076923,13,0.0527692307692308,0.0873846153846154,0.859692307692308,-137.859145299145
"145","Feb 09 02",0.217518181818182,0.362570952554619,-0.34,0.6597,0.131457695636364,11,0.118636363636364,0.0309090909090909,0.850454545454545,-136.869267676768
"146","Feb 09 03",-0.0204,0.611506345020229,-0.6369,0.5859,0.37394001,5,0.0808,0.098,0.8212,-135.794111111111
"147","Feb 09 04",-0.0652666666666667,0.563114488803121,-0.6908,0.5859,0.3170979275,9,0.0947777777777778,0.112444444444444,0.792888888888889,-134.863425925926
"148","Feb 09 05",0.000550000000000009,0.422521712037213,-0.7322,0.6369,0.178524597142857,8,0.12225,0.096375,0.78125,-133.781006944444
"149","Feb 09 06",0.4188,0.411253303938096,0.128,0.7096,0.16912928,2,0.2635,0.0735,0.663,-132.830694444444
"150","Feb 09 08",-0.244225,0.306951791817543,-0.6369,0,0.0942194025,4,0,0.125,0.875,-130.815555555556
"151","Feb 09 09",0,0,0,0,0,3,0,0,1,-129.892222222222
"152","Feb 09 10",0.21075,0.29804550827013,0,0.4215,0.088831125,2,0.1015,0,0.8985,-128.92875
"153","Feb 09 11",0,0,0,0,0,3,0,0,1,-127.945462962963
"154","Feb 09 12",-0.0319333333333333,0.589648881397509,-0.6369,0.5411,0.347685803333333,3,0.0596666666666667,0.0816666666666667,0.858666666666667,-127.078333333333
"155","Feb 09 13",-0.54184,0.383256680307076,-0.8519,0.1134,0.146885683,5,0.0444,0.2356,0.7196,-125.7595
"156","Feb 09 14",0.20325,0.335190229571209,0,0.6996,0.11235249,4,0.11875,0.0225,0.8585,-124.739305555556
"157","Feb 09 15",-0.0111,0.589198133058821,-0.6369,0.68,0.34715444,5,0.1264,0.111,0.7626,-123.894833333333
"158","Feb 09 16",0.203625,0.330070381022853,-0.3164,0.6351,0.108946456428571,8,0.147875,0.067375,0.784625,-122.944340277778
"159","Feb 09 17",-0.0345272727272727,0.338388416146029,-0.5983,0.7184,0.114506720181818,11,0.0623636363636364,0.083,0.854636363636364,-121.921313131313
"160","Feb 09 18",-0.1343125,0.576388637335956,-0.6369,0.9358,0.33222386125,8,0.0995,0.132125,0.76825,-120.926215277778
"161","Feb 09 19",0.162583333333333,0.31733446971085,-0.3089,0.5229,0.100701165666667,6,0.111,0.0176666666666667,0.871333333333333,-119.906759259259
"162","Feb 09 20",0.0532,0.562003805274357,-0.6486,0.7906,0.315848277142857,8,0.145125,0.10025,0.754625,-118.599340277778
"163","Feb 09 21",-0.1247625,0.226637028480722,-0.6249,0,0.0513643426785714,8,0.026625,0.085875,0.8875,-117.832986111111
"164","Feb 09 22",-0.5719,NA,-0.5719,-0.5719,NA,1,0.106,0.247,0.646,-116.645277777778
"165","Feb 09 23",0.0513,0.511409252947187,-0.8217,0.6369,0.261539424,6,0.0793333333333333,0.0463333333333333,0.8745,-115.563472222222
"166","Feb 10 00",-0.181483333333333,0.582855335110409,-0.7717,0.5242,0.339720341666667,6,0.102166666666667,0.183666666666667,0.714166666666667,-114.885138888889
"167","Feb 10 01",-0.3953,0.559038621206084,-0.7906,0,0.31252418,2,0.0415,0.154,0.8045,-114.041527777778
"168","Feb 10 02",-0.6369,NA,-0.6369,-0.6369,NA,1,0,0.245,0.755,-112.911111111111
"169","Feb 10 03",-0.137644444444444,0.389570154500801,-0.6705,0.6696,0.151764905277778,9,0.0897777777777778,0.152111111111111,0.758222222222222,-111.896203703704
"170","Feb 10 04",0.0918857142857143,0.413857396649987,-0.659,0.6696,0.171277944761905,7,0.0825714285714286,0.0435714285714286,0.873714285714286,-110.828531746032
"171","Feb 10 05",0.2079,0.4158,0,0.8316,0.17288964,4,0.108,0.0255,0.8665,-109.900763888889
"172","Feb 10 06",-0.716666666666667,0.285129800851004,-0.9538,-0.4003,0.0812990033333333,3,0.0126666666666667,0.361666666666667,0.625666666666667,-109.068703703704
"173","Feb 10 07",-0.7906,NA,-0.7906,-0.7906,NA,1,0.083,0.308,0.609,-107.846944444444
"174","Feb 10 08",-0.2618,0.648333124250181,-0.836,0.6696,0.42033584,4,0.07425,0.231,0.69475,-106.757083333333
"175","Feb 10 09",-0.0605,1.0325173218886,-0.7906,0.6696,1.06609202,2,0.19,0.154,0.656,-106.033888888889
"176","Feb 10 10",0.0957857142857143,0.406816389495193,-0.34,0.6696,0.165499574761905,7,0.0878571428571429,0.045,0.867142857142857,-104.975992063492
"177","Feb 10 11",0,NA,0,0,NA,1,0,0,1,-103.573888888889
"178","Feb 10 12",0,0,0,0,0,5,0,0,1,-103.052333333333
"179","Feb 10 13",-0.118733333333333,0.626235896980257,-0.9318,0.5859,0.392171398666667,6,0.0673333333333333,0.146166666666667,0.7865,-101.713657407407
"180","Feb 10 14",0.459363636363636,0.373531664715931,-0.659,0.5859,0.139525904545455,11,0.185636363636364,0.0170909090909091,0.797272727272727,-100.697146464646
"181","Feb 10 15",0.32074,0.380190348566159,-0.5719,0.7034,0.144544701142857,15,0.163266666666667,0.0300666666666667,0.806666666666667,-99.8040740740741
"182","Feb 10 16",0.0396785714285714,0.567861999999961,-0.7906,0.7717,0.322467251043956,14,0.115571428571429,0.0814285714285714,0.803,-98.6972023809524
"183","Feb 10 17",0.2102125,0.610235622965191,-0.7845,0.8442,0.372387515535714,8,0.142375,0.053875,0.80375,-97.8019444444444
"184","Feb 10 18",0.1972375,0.616031221234536,-0.7845,0.5859,0.379494465535714,8,0.147625,0.069125,0.78325,-96.9981944444445
"185","Feb 10 19",-0.01364,0.505060478666774,-0.7777,0.6597,0.255086087111111,10,0.1068,0.0924,0.8008,-95.922
"186","Feb 10 20",0.283783333333333,0.496460888355434,-0.6124,0.5859,0.246473413666667,6,0.1275,0.032,0.8405,-94.7677777777778
"187","Feb 10 21",-0.376675,0.611435654248028,-0.91,0.6696,0.373853559285714,8,0.10125,0.226125,0.672625,-94.0296875
"188","Feb 10 22",-0.47574,0.333945756074246,-0.8932,0,0.111519768,5,0,0.2018,0.7982,-92.7439444444445
"189","Feb 10 23",-0.24454,0.725532196391035,-0.9382,0.5859,0.526396968,5,0.0798,0.2274,0.6928,-91.8379444444444
"190","Feb 11 00",0.121954545454545,0.369248922445649,-0.6969,0.5859,0.136344766727273,11,0.0877272727272727,0.0358181818181818,0.876545454545455,-90.6455303030303
"191","Feb 11 01",-0.2906,0.543459040380624,-0.9287,0.3182,0.295347728571429,8,0.107625,0.197875,0.694375,-89.9559722222222
"192","Feb 11 02",0.22355,0.385148477862759,-0.2023,0.5859,0.14833935,4,0.1175,0.0325,0.85,-88.8518055555556
"193","Feb 11 03",-0.0157571428571429,0.465505033474909,-0.7184,0.5859,0.216694936190476,7,0.0691428571428571,0.0572857142857143,0.873571428571429,-88.0502777777778
"194","Feb 11 04",0.1291,0.791200808897463,-0.7845,0.5859,0.62599872,3,0.134666666666667,0.077,0.788333333333333,-86.6442592592593
"195","Feb 11 05",0.2380125,0.50284526003107,-0.7184,0.6696,0.252853355535714,8,0.163375,0.084875,0.75175,-85.7067708333333
"196","Feb 11 06",0.00466666666666667,0.578914107042948,-0.5719,0.5859,0.335141543333333,3,0.0673333333333333,0.0796666666666667,0.853,-84.9019444444444
"197","Feb 11 07",-0.34,NA,-0.34,-0.34,NA,1,0,0.13,0.87,-83.6519444444444
"198","Feb 11 08",-0.0803,0.526683579897203,-0.6808,0.5859,0.277395593333333,4,0.10525,0.12175,0.77275,-82.8829861111111
"199","Feb 11 09",-0.681766666666667,0.230794309577453,-0.9317,-0.4767,0.0532660133333333,3,0,0.277,0.723,-81.8816666666667
"200","Feb 11 10",-0.0710666666666667,0.440025389418989,-0.5423,0.3291,0.193622343333333,3,0.0446666666666667,0.113333333333333,0.842333333333333,-80.5160185185185
"201","Feb 11 11",-0.328,0.389089719730553,-0.7579,0,0.15139081,3,0.0343333333333333,0.147666666666667,0.818,-80.1122222222222
"202","Feb 11 12",-0.204933333333333,0.273708354518698,-0.4215,0.1027,0.0749162633333333,3,0.0576666666666667,0.139,0.803333333333333,-79.1187962962963
"203","Feb 11 13",0.2144,0.581070406663427,-0.8625,0.75,0.3376428175,9,0.142444444444444,0.0743333333333333,0.783222222222222,-77.9445987654321
"204","Feb 11 14",0.0421833333333333,0.539515617629987,-0.796,0.5859,0.291077101666667,6,0.134166666666667,0.131833333333333,0.734,-76.8884259259259
"205","Feb 11 15",-0.196990909090909,0.662603684647988,-0.8779,0.5859,0.439043642909091,11,0.0952727272727273,0.182909090909091,0.721727272727273,-75.7789393939394
"206","Feb 11 16",-0.0525857142857143,0.596154352016801,-0.6369,0.5859,0.355400011428571,7,0.125571428571429,0.142142857142857,0.732285714285714,-74.8657142857143
"207","Feb 11 17",0.26742,0.443029173355937,-0.6934,0.6597,0.196274848444444,10,0.1774,0.0883,0.7343,-73.9188888888889
"208","Feb 11 18",-0.3111,0.381161603522705,-0.8779,0,0.145284168,6,0.053,0.136166666666667,0.810833333333333,-72.6202314814815
"209","Feb 11 19",-0.304564285714286,0.447541070925156,-0.9612,0.6369,0.200293010164835,14,0.0595714285714286,0.183357142857143,0.757071428571429,-71.8759920634921
"210","Feb 11 20",0.243975,0.362593415549704,-0.3164,0.5859,0.131473985,8,0.129375,0.043875,0.82675,-71.0569791666667
"211","Feb 11 21",0.28614,0.165866059560977,-0.0258,0.5859,0.0275115497142857,15,0.127933333333333,0.0161333333333333,0.855933333333333,-69.7833148148148
"212","Feb 11 22",0.0152647058823529,0.458333946131498,-0.8074,0.5255,0.210070006176471,17,0.0920588235294118,0.0885294117647059,0.819411764705882,-68.9325980392157
"213","Feb 11 23",0.04306,0.513803794622443,-0.807,0.7579,0.263994339368421,20,0.11865,0.0789,0.80235,-67.9809583333333
"214","Feb 12 00",-0.0224739130434783,0.433762556765996,-0.743,0.5859,0.188149955652174,23,0.0737826086956522,0.0690434782608696,0.857173913043478,-66.8380797101449
"215","Feb 12 01",0.0385888888888889,0.524211546755348,-0.8553,0.7769,0.274797745751634,18,0.119166666666667,0.088,0.792888888888889,-65.9265432098765
"216","Feb 12 02",0.0668428571428571,0.331103507769312,-0.6249,0.2732,0.109629532857143,7,0.0628571428571429,0.0388571428571429,0.898285714285714,-64.9214682539683
"217","Feb 12 03",-0.0952466666666667,0.570610340984191,-0.9465,0.69,0.325596161238095,15,0.0956,0.144866666666667,0.7596,-63.7610925925926
"218","Feb 12 04",-0.135925,0.532913358342611,-0.9287,0.4767,0.2839966475,12,0.0596666666666667,0.126333333333333,0.814,-62.8328009259259
"219","Feb 12 05",0.108778571428571,0.398545235688635,-0.743,0.5859,0.15883830489011,14,0.0822857142857143,0.0342857142857143,0.883428571428571,-61.7252777777778
"220","Feb 12 06",0.0624142857142857,0.389995172741798,-0.4588,0.5859,0.152096234761905,7,0.0915714285714286,0.0952857142857143,0.813285714285714,-60.9974603174603
"221","Feb 12 07",0.1729,0.2006,-0.128,0.2732,0.04024036,4,0.0825,0.01925,0.89825,-59.5621527777778
"222","Feb 12 08",0.06998,0.623618141974718,-0.7579,0.652,0.388899587,5,0.1476,0.11,0.7424,-58.9668333333333
"223","Feb 12 09",0.3919,0.167867149853686,0.2732,0.5106,0.02817938,2,0.215,0,0.785,-57.8706944444444
"224","Feb 12 10",0.182133333333333,0.157732093542606,0,0.2732,0.0248794133333333,3,0.0733333333333333,0,0.926666666666667,-56.9426851851852
"225","Feb 12 11",-0.408852941176471,0.494140065059553,-0.875,0.4051,0.244174403897059,17,0.0565882352941176,0.188235294117647,0.754764705882353,-55.8275
"226","Feb 12 12",-0.148533333333333,0.579825361377863,-0.875,0.7003,0.33619744969697,12,0.0858333333333333,0.117166666666667,0.796916666666667,-54.8818055555556
"227","Feb 12 13",-0.13566,0.645898003987902,-0.875,0.5859,0.417184231555556,10,0.0999,0.1519,0.748,-53.8863888888889
"228","Feb 12 14",-0.354347368421053,0.503528236401695,-0.8934,0.5859,0.253540684853801,19,0.0505789473684211,0.178578947368421,0.770894736842105,-52.8176900584795
"229","Feb 12 15",-0.1056,0.523948497468978,-0.8689,0.5859,0.274522028,11,0.0710909090909091,0.105545454545455,0.823545454545455,-51.9293686868687
"230","Feb 12 16",0.2122,0.545658714516018,-0.8689,0.7513,0.297743432727273,12,0.124666666666667,0.0655833333333333,0.809666666666667,-50.8996759259259
"231","Feb 12 17",0.0779666666666667,0.44921352056547,-0.8689,0.6249,0.201792787058824,18,0.114166666666667,0.0954444444444444,0.790333333333333,-49.8211265432099
"232","Feb 12 18",-0.173793333333333,0.486231550464042,-0.9201,0.6523,0.236421120666667,15,0.0476,0.128666666666667,0.823733333333333,-48.9846296296296
"233","Feb 12 19",0.239358333333333,0.536952966381657,-0.8689,0.6486,0.288318488106061,12,0.170083333333333,0.105083333333333,0.724833333333333,-47.8336805555556
"234","Feb 12 20",0.07325,0.502879701604384,-0.7184,0.6486,0.252887994285714,8,0.0905,0.085375,0.824125,-46.9161458333333
"235","Feb 12 21",-0.36295,0.660024565451923,-0.9127,0.6486,0.435632427,6,0.0851666666666667,0.224,0.691166666666667,-45.9114814814815
"236","Feb 12 22",-0.107833333333333,0.517185225011018,-0.9171,0.5859,0.267480556969697,12,0.06075,0.11375,0.8255,-44.803587962963
"237","Feb 12 23",0.318718181818182,0.36073287296331,-0.3818,0.7667,0.130128205636364,11,0.149636363636364,0.068,0.782363636363636,-43.7852777777778
"238","Feb 13 00",0.0339875,0.483772093441589,-0.8689,0.6486,0.234035438392857,8,0.076875,0.085875,0.83725,-42.8996875
"239","Feb 13 01",0.255107692307692,0.395856679581425,-0.6486,0.7783,0.156702510769231,13,0.160230769230769,0.0853076923076923,0.754538461538461,-41.9331196581197
"240","Feb 13 02",0.211869230769231,0.543926562727934,-0.8225,0.7163,0.295856105641026,13,0.157461538461538,0.0973846153846154,0.745230769230769,-40.9578632478633
"241","Feb 13 03",-0.155377777777778,0.55468783062588,-0.8689,0.7783,0.307678589444444,9,0.0701111111111111,0.149666666666667,0.780333333333333,-39.8461111111111
"242","Feb 13 04",0.482014285714286,0.221697206632315,0,0.6486,0.0491496514285714,7,0.195285714285714,0.0331428571428571,0.771571428571429,-38.8436904761905
"243","Feb 13 05",-0.153471428571429,0.450009287734841,-0.7783,0.5859,0.202508359047619,7,0.0288571428571429,0.117857142857143,0.853285714285714,-37.9903174603175
"244","Feb 13 06",0.0357888888888889,0.472913198812542,-0.8689,0.6369,0.223646893611111,9,0.105666666666667,0.0914444444444444,0.802777777777778,-36.8584259259259
"245","Feb 13 07",-0.34005,0.394303449135307,-0.7242,0,0.15547521,4,0.03525,0.2035,0.76125,-35.7527083333333
"246","Feb 13 08",0.3835,0.257807903292354,0,0.6369,0.066464915,5,0.142,0,0.858,-34.9867222222222
"247","Feb 13 09",0.18348,0.532954554347742,-0.5859,0.8934,0.284040557,5,0.233,0.1312,0.6356,-33.9488888888889
"248","Feb 13 10",-0.4442,0.513972353342084,-0.9287,0,0.26416758,4,0,0.20825,0.79175,-33.03375
"249","Feb 13 11",0.18196,0.453697513523909,-0.8422,0.5859,0.205841433777778,10,0.0903,0.0335,0.8762,-31.8233888888889
"250","Feb 13 12",0.01045,0.674675879960148,-0.7845,0.5859,0.455187543,6,0.0993333333333333,0.109833333333333,0.790833333333333,-30.8633796296296
"251","Feb 13 13",-0.0389888888888889,0.531305870572286,-0.8934,0.6486,0.282285928104575,18,0.0903333333333333,0.103,0.806611111111111,-29.9146759259259
"252","Feb 13 14",0.3341625,0.256657698320434,0,0.5859,0.0658731741071429,8,0.127625,0.008,0.864375,-28.7209375
"253","Feb 13 15",-0.0800583333333333,0.524152813349718,-0.7351,0.7034,0.274736171742424,12,0.0885833333333333,0.116916666666667,0.794583333333333,-27.9250231481481
"254","Feb 13 16",0.0647181818181818,0.518439270924149,-0.836,0.7269,0.268779277636364,11,0.134545454545455,0.0974545454545454,0.768,-27.0219949494949
"255","Feb 13 17",-0.01905,0.620244364286022,-0.8176,0.75,0.384703071428571,8,0.144125,0.10225,0.753625,-25.6060763888889
"256","Feb 13 18",-0.181454545454545,0.491967633820837,-0.8625,0.5859,0.242032152727273,11,0.0914545454545455,0.154636363636364,0.754,-24.7996717171717
"257","Feb 13 19",-0.00441666666666668,0.378997500871268,-0.6124,0.5859,0.143639105666667,6,0.0455,0.037,0.9175,-23.5675925925926
"258","Feb 13 20",-0.0596666666666667,0.515561681566813,-0.8422,0.5766,0.2658038475,9,0.0962222222222222,0.119444444444444,0.784333333333333,-22.7096604938272
"259","Feb 13 21",0.16399375,0.453970684029633,-0.69,0.8271,0.206089381958333,16,0.174625,0.0741875,0.751125,-21.7394791666667
"260","Feb 13 22",0.29477,0.310762238697046,0,0.6041,0.096573169,10,0.1023,0,0.8977,-20.8936944444444
"261","Feb 13 23",-0.0397909090909091,0.563857660149342,-0.8845,0.5859,0.317935460909091,11,0.134636363636364,0.117363636363636,0.748,-19.8614393939394
"262","Feb 14 00",-0.0463,0.643945085179841,-0.886,0.643,0.414665272727273,12,0.108833333333333,0.14775,0.743416666666667,-18.8182407407407
"263","Feb 14 01",-0.0415,0.552369184513401,-0.8748,0.636,0.305111716,11,0.096,0.135545454545455,0.768454545454546,-17.7282070707071
"264","Feb 14 02",0.0545285714285714,0.567297701723665,-0.886,0.5859,0.321826682380952,7,0.129714285714286,0.109571428571429,0.760714285714286,-16.800873015873
"265","Feb 14 03",-0.144081818181818,0.63105395936985,-0.886,0.6486,0.398229099636364,11,0.0742727272727273,0.143,0.782727272727273,-15.8442929292929
"266","Feb 14 04",0.20875,0.591455931579015,-0.6908,0.5859,0.349820119,6,0.151833333333333,0.0805,0.767666666666667,-14.6649074074074
"267","Feb 14 05",-0.0301333333333333,0.666132907659325,-0.8573,0.5859,0.443733050666667,6,0.0973333333333333,0.1135,0.789166666666667,-13.83
"268","Feb 14 06",0.0235,0.262163117161816,-0.34,0.481,0.0687295,6,0.0206666666666667,0.0351666666666667,0.944166666666667,-12.6999537037037
"269","Feb 14 07",0.44845,0.300230361555923,0,0.636,0.09013827,4,0.18425,0,0.81575,-11.6173611111111
"270","Feb 14 08",0.094425,0.537458521655393,-0.4003,0.5859,0.2888616625,4,0.106,0.0775,0.8165,-10.8309027777778
"271","Feb 14 09",-0.0422,0.960392430207569,-0.7213,0.6369,0.92235362,2,0.122,0.131,0.747,-9.44222222222222
"272","Feb 14 10",-0.00649999999999999,0.774770449875316,-0.7845,0.765,0.60026925,3,0.132666666666667,0.077,0.790333333333333,-8.8787037037037
"273","Feb 14 11",0.286228571428571,0.390561065282096,-0.34,0.5859,0.152537945714286,7,0.115428571428571,0.0197142857142857,0.864857142857143,-7.92194444444444
"274","Feb 14 12",0.18263,0.47041987167494,-0.7208,0.6706,0.221294855666667,10,0.1168,0.0572,0.826,-6.82041666666667
"275","Feb 14 13",-0.0901214285714286,0.418986645975137,-0.836,0.6249,0.175549809505494,14,0.0428571428571429,0.0704285714285714,0.886714285714286,-5.5968253968254
"276","Feb 14 14",0.04878,0.410916289934256,-0.6361,0.7096,0.168852197333333,10,0.102,0.0529,0.8451,-4.84588888888889
"277","Feb 14 15",0.0894538461538461,0.512702738136152,-0.8316,0.6369,0.262864097692308,13,0.0954615384615385,0.087,0.817538461538462,-3.93965811965812
"278","Feb 14 16",0.218125,0.424456195673304,-0.6041,0.5859,0.180163062045455,12,0.156833333333333,0.0770833333333333,0.766083333333333,-2.87731481481481
"279","Feb 14 17",0.02276,0.555058227576171,-0.7003,0.5859,0.308089636,10,0.1225,0.1122,0.7653,-2.00269444444444
"280","Feb 14 18",0.0368384615384615,0.369803750969037,-0.8316,0.7227,0.136754814230769,13,0.0786153846153846,0.0573846153846154,0.864,-0.765277777777778
"281","Feb 14 19",-0.10866,0.418845922877508,-0.7783,0.5859,0.175431907111111,10,0.0369,0.0857,0.8774,0.114388888888889
"282","Feb 14 20",-0.227772262773723,0.407527920683668,-0.9371,0.7587,0.166079006136754,137,0.0506496350364964,0.146576642335766,0.802788321167883,1.3520397404704
"283","Feb 14 21",-0.296840466101695,0.411481407992328,-0.9579,0.7794,0.169316949123349,472,0.0499004237288136,0.156148305084746,0.793944915254237,2.18920374293785
"284","Feb 14 22",-0.317213226744186,0.40537939950064,-0.9679,0.8608,0.1643324575395,688,0.0478473837209302,0.161218023255814,0.790938953488372,3.1472238372093
"285","Feb 14 23",-0.301454868154158,0.422309123604771,-0.9751,0.886,0.178344995879829,986,0.0453965517241379,0.155084178498986,0.799512170385396,4.18438584629254
"286","Feb 15 00",-0.303870624360287,0.437511106260574,-0.9543,0.8591,0.191415968101351,977,0.0509017400204708,0.154098259979529,0.794990788126919,5.13248322529285
"287","Feb 15 01",-0.316511904761905,0.433547181376943,-0.9584,0.8649,0.187963158479892,966,0.0482567287784679,0.157491718426501,0.794226708074534,6.17204710144928
"288","Feb 15 02",-0.335651323251418,0.46636335071935,-0.9726,0.8555,0.217494774894179,1058,0.0521068052930057,0.167792060491493,0.780074669187146,7.15108301827347
"289","Feb 15 03",-0.31107521448999,0.46014465831926,-0.9628,0.8555,0.211733106579749,1049,0.0541525262154433,0.159274547187798,0.786561487130601,8.12413330155704
"290","Feb 15 04",-0.333171960297767,0.444801125141432,-0.9709,0.8505,0.197848040927084,806,0.0507208436724566,0.160879652605459,0.788383374689826,9.14788358147229
"291","Feb 15 05",-0.277808793103448,0.449819058815701,-0.9661,0.8225,0.202337185673843,580,0.0535810344827586,0.147696551724138,0.798705172413793,10.1270771072797
"292","Feb 15 06",-0.270454013015184,0.45843832609973,-0.9468,0.8164,0.210165698837122,461,0.0576030368763557,0.150774403470716,0.79160737527115,11.112521691974
"293","Feb 15 07",-0.2904609375,0.412263443072027,-0.936,0.8152,0.169961146493603,128,0.04271875,0.1347890625,0.822484375,12.3917578125
"294","Feb 15 08",-0.286487029288703,0.425269789553272,-0.9231,0.8338,0.180854393906684,239,0.0550669456066946,0.149121338912134,0.795790794979079,13.1086169223617
"295","Feb 15 09",-0.334976168224299,0.439846981226618,-0.9661,0.8225,0.193465366894169,214,0.0482102803738318,0.160495327102804,0.791238317757009,14.1528180166147
"296","Feb 15 10",-0.312677232142857,0.467326387676016,-0.9688,0.903,0.218393952618314,224,0.0482633928571429,0.162566964285714,0.789165178571429,15.1963603670635
"297","Feb 15 11",-0.294409171597633,0.45178220949012,-0.9517,0.8544,0.204107164811775,338,0.0575473372781065,0.156227810650888,0.786198224852071,16.2280087113741
"298","Feb 15 12",-0.2759033203125,0.445001104737861,-0.9483,0.8402,0.198025983217917,512,0.053388671875,0.149498046875,0.797107421875,17.1788666449653
"299","Feb 15 13",-0.26405472972973,0.466774563076898,-0.9623,0.8555,0.217878492735629,592,0.0624577702702703,0.152380067567568,0.785148648648649,18.1788466591592
"300","Feb 15 14",-0.27429591280654,0.457605531149698,-0.9707,0.9413,0.209402822138797,734,0.0549564032697548,0.148610354223433,0.796410081743869,19.1637238873751
"301","Feb 15 15",-0.301151905387648,0.457544338202001,-0.9573,0.885,0.209346821420707,761,0.0588147174770039,0.164773981603154,0.776409986859396,20.1638772083516
"302","Feb 15 16",-0.286409164149043,0.460947269991161,-0.9663,0.9034,0.212472385712304,993,0.0598418932527694,0.160959718026183,0.779186304128902,21.1686172653016
"303","Feb 15 17",-0.326767628205128,0.447454908467182,-0.9723,0.8885,0.200215895111374,936,0.0510277777777778,0.167924145299145,0.781049145299145,22.1317227564103
"304","Feb 15 18",-0.288643952483801,0.462263502930707,-0.9679,0.8885,0.213687546141768,926,0.060170626349892,0.157011879049676,0.782801295896328,23.1525782937365
"305","Feb 15 19",-0.327341009852217,0.429067474429469,-0.967,0.9032,0.184098897613283,812,0.0503115763546798,0.163174876847291,0.786516009852217,24.1664839901478
"306","Feb 15 20",-0.32793476702509,0.455311088219207,-0.9501,0.9442,0.207308187055358,837,0.0534635603345281,0.168243727598566,0.778302270011947,25.1416666666667
"307","Feb 15 21",-0.347866464155529,0.44271134375137,-0.9686,0.7906,0.195993333886144,823,0.047093560145808,0.170613608748481,0.782301336573512,26.1475178884839
"308","Feb 15 22",-0.321494960212202,0.457152185076099,-0.9715,0.8796,0.208988120319852,754,0.0568474801061008,0.167334217506631,0.775844827586207,27.1483233863837
"309","Feb 15 23",-0.330734334203655,0.444664926279056,-0.9686,0.8789,0.197726896662758,766,0.0531919060052219,0.167967362924282,0.778848563968668,28.1569883231796
"310","Feb 16 00",-0.286003008595989,0.455429131928353,-0.967,0.8743,0.207415694209013,698,0.0605143266475645,0.161939828080229,0.777551575931232,29.1381271887934
"311","Feb 16 01",-0.327618355359765,0.459178214058035,-0.9432,0.8457,0.210844632265526,681,0.0581189427312775,0.17552422907489,0.766336270190896,30.1636849404471
"312","Feb 16 02",-0.324794542772861,0.435205545743051,-0.9382,0.8356,0.189403867045507,678,0.0568716814159292,0.169147492625369,0.774005899705015,31.1295349885284
"313","Feb 16 03",-0.3335,0.449621616712747,-0.9524,0.8834,0.202159598215385,651,0.0612027649769585,0.179639016897081,0.759164362519201,32.144057433009
"314","Feb 16 04",-0.307806333333333,0.467677631892072,-0.9725,0.8689,0.218722367372176,600,0.065095,0.178178333333333,0.756716666666667,33.1184171296296
"315","Feb 16 05",-0.256551059322034,0.511749243181624,-0.9501,0.9001,0.261887287896964,472,0.0755720338983051,0.165205508474576,0.759216101694915,34.109043079096
"316","Feb 16 06",-0.333772206303725,0.476989178834584,-0.9468,0.8225,0.227518676725291,349,0.0663925501432665,0.188220630372493,0.745381088825215,35.1233014963387
"317","Feb 16 07",-0.329298290598291,0.501375546661538,-0.9509,0.872,0.251377438790156,117,0.070025641025641,0.185700854700855,0.744239316239316,36.3893827160494
"318","Feb 16 08",-0.325668811881188,0.475056190934136,-0.9591,0.7866,0.22567838454485,202,0.070519801980198,0.186836633663366,0.742643564356436,37.1208374587459
"319","Feb 16 09",-0.34343097826087,0.505162028399545,-0.9389,0.6369,0.255188674936743,184,0.0709565217391304,0.19683152173913,0.732211956521739,38.1227173913043
"320","Feb 16 10",-0.382818905472637,0.495400729350287,-0.9337,0.7906,0.245421882640796,201,0.0723980099502488,0.211348258706468,0.716213930348259,39.168184079602
"321","Feb 16 11",-0.401738364779874,0.474723294373324,-0.9382,0.8889,0.225362206220662,318,0.0707735849056604,0.217185534591195,0.712037735849057,40.1771235150245
"322","Feb 16 12",-0.397467941176471,0.46860610689947,-0.9389,0.7906,0.219591683423477,340,0.07535,0.216155882352941,0.708470588235294,41.1725392156863
"323","Feb 16 13",-0.420455053763441,0.456100037968607,-0.9709,0.7964,0.208027244634965,465,0.0667913978494624,0.221337634408602,0.711877419354839,42.1837037037037
"324","Feb 16 14",-0.364026182432432,0.48155040447957,-0.9382,0.8356,0.231890792054437,592,0.0739932432432432,0.2055,0.720498310810811,43.1462870683183
"325","Feb 16 15",-0.376501081916538,0.471903551122785,-0.9595,0.8271,0.222692961562295,647,0.0751591962905719,0.209537867078825,0.715307573415765,44.1462416280268
"326","Feb 16 16",-0.385346995377504,0.456405588956378,-0.9501,0.8689,0.208306061630618,649,0.0752788906009245,0.207744221879815,0.716975346687211,45.165716058894
"327","Feb 16 17",-0.370275641025641,0.429271710117418,-0.9747,0.8779,0.184274201107132,624,0.0695400641025641,0.201629807692308,0.72880608974359,46.159250801282
"328","Feb 16 18",-0.42192411971831,0.437460426347384,-0.9747,0.8356,0.191371624620035,568,0.0780017605633803,0.228570422535211,0.693420774647887,47.1400440140845
"329","Feb 16 19",-0.369489737991266,0.452552962679649,-0.9747,0.8902,0.204804184030128,458,0.0759803493449782,0.204866812227074,0.719139737991266,48.141109291606
"330","Feb 16 20",-0.349138248847926,0.462666114142455,-0.9747,0.9029,0.214059933175679,434,0.0838686635944701,0.201101382488479,0.715020737327189,49.1173419098822
"331","Feb 16 21",-0.380338072289157,0.455219177868922,-0.9747,0.8555,0.207224499899657,415,0.0756963855421687,0.210084337349398,0.714209638554217,50.1163547523427
"332","Feb 16 22",-0.312098072289157,0.489403772964047,-0.9747,0.9442,0.239516052991444,415,0.0826626506024096,0.197084337349398,0.720233734939759,51.1525535475234
"333","Feb 16 23",-0.339189002557545,0.497273974277893,-0.9747,0.8555,0.247281405494131,391,0.0872762148337596,0.206406649616368,0.706294117647059,52.1697982381358
"334","Feb 17 00",-0.33729419525066,0.458696153904115,-0.9719,0.8442,0.210402161606428,379,0.0800633245382586,0.196620052770449,0.723284960422164,53.1261888009381
"335","Feb 17 01",-0.40115395480226,0.436861991028378,-0.9657,0.7003,0.190848399205278,354,0.0739745762711864,0.220053672316384,0.705954802259887,54.1536911487759
"336","Feb 17 02",-0.339461708860759,0.477862114225091,-0.9747,0.9442,0.228352200211674,316,0.0782848101265823,0.198335443037975,0.723376582278481,55.1642827004219
"337","Feb 17 03",-0.351099420289855,0.481815279606669,-0.9747,0.8979,0.232145963662453,345,0.0930550724637681,0.207797101449275,0.699171014492754,56.1264637681159
"338","Feb 17 04",-0.364082965299685,0.478116533408987,-0.9393,0.8602,0.228595419519027,317,0.085794952681388,0.20816403785489,0.70605047318612,57.1530064844024
"339","Feb 17 05",-0.361404219409283,0.491719202183198,-0.9747,0.7441,0.241787773795681,237,0.0786666666666667,0.206185654008439,0.715151898734177,58.1185771214252
"340","Feb 17 06",-0.316951598173516,0.49930043669807,-0.9747,0.9442,0.249300926086884,219,0.0847808219178082,0.198223744292237,0.716954337899543,59.1403310502283
"341","Feb 17 07",-0.379838571428571,0.479169296363654,-0.9657,0.652,0.22960321457764,70,0.0832,0.217657142857143,0.699128571428571,60.3939325396825
"342","Feb 17 08",-0.348581355932203,0.472474553730603,-0.9393,0.7866,0.223232203922932,118,0.0747627118644068,0.190194915254237,0.735008474576271,61.1275988700565
"343","Feb 17 09",-0.384393333333333,0.449867624603801,-0.9201,0.6369,0.202380879666667,105,0.0854952380952381,0.209790476190476,0.704714285714286,62.1289788359788
"344","Feb 17 10",-0.344183157894737,0.487963965937805,-0.9259,0.6249,0.238108832053751,95,0.0977052631578947,0.214842105263158,0.687389473684211,63.2001023391813
"345","Feb 17 11",-0.352566315789474,0.514712270916506,-0.9393,0.6435,0.264928721832027,95,0.0843052631578947,0.207210526315789,0.708484210526316,64.1631842105263
"346","Feb 17 12",-0.304429677419355,0.462824722534197,-0.9803,0.7906,0.214206723788856,155,0.0799612903225806,0.182593548387097,0.73741935483871,65.155353046595
"347","Feb 17 13",-0.349868398268398,0.466440838316246,-0.9747,0.6249,0.217567055649162,231,0.0785194805194805,0.201177489177489,0.72030303030303,66.2202320827321
"348","Feb 17 14",-0.325218367346939,0.500238007109668,-0.9747,0.8885,0.250238063757052,294,0.079469387755102,0.201343537414966,0.719200680272109,67.1929166666667
"349","Feb 17 15",-0.333790060240964,0.490467928239983,-0.9747,0.7866,0.240558788632021,332,0.0815030120481928,0.204710843373494,0.713746987951807,68.1672205488621
"350","Feb 17 16",-0.308674792243767,0.507520878444669,-0.9747,0.8433,0.257577442057249,361,0.085797783933518,0.200847645429363,0.713318559556787,69.1447383810403
"351","Feb 17 17",-0.274303105590062,0.498346466252609,-0.9747,0.836,0.248349200426462,322,0.0910900621118012,0.190984472049689,0.717863354037267,70.1252191166322
"352","Feb 17 18",-0.275359944751381,0.499559472387497,-0.9747,0.9442,0.249559666452074,362,0.0846850828729282,0.191646408839779,0.723649171270718,71.1192410988336
"353","Feb 17 19",-0.315524778761062,0.474523472997508,-0.9747,0.7964,0.225172526425617,339,0.071976401179941,0.187424778761062,0.740533923303835,72.1436234021632
"354","Feb 17 20",-0.189477611940298,0.489385692278341,-0.9747,0.7506,0.239498355806752,402,0.0889477611940298,0.165907960199005,0.745159203980099,73.137960199005
"355","Feb 17 21",-0.206160104986877,0.4668774979461,-0.9747,0.7866,0.21797459808841,381,0.0864803149606299,0.164989501312336,0.748553805774278,74.1179345290172
"356","Feb 17 22",-0.184013271604938,0.476036905497961,-0.9747,0.7783,0.226611135396074,324,0.0915864197530864,0.163506172839506,0.744956790123457,75.1353892318244
"357","Feb 17 23",-0.202143353783231,0.438673340416315,-0.9747,0.9442,0.192434299592008,489,0.103108384458078,0.175137014314928,0.721795501022495,76.1588281072484
"358","Feb 18 00",-0.216863370786517,0.417652156480649,-0.9747,0.6975,0.174433323812937,445,0.0989932584269663,0.173991011235955,0.727022471910112,77.1405742821473
"359","Feb 18 01",-0.213969268292683,0.451482644592964,-0.9747,0.9037,0.203836578368656,410,0.101968292682927,0.17809512195122,0.719975609756098,78.127358401084
"360","Feb 18 02",-0.256526130653266,0.443312515976896,-0.9803,0.8122,0.196525986821766,398,0.087643216080402,0.17456783919598,0.737816582914573,79.1199343941932
"361","Feb 18 03",-0.258053805774278,0.471689401393326,-0.9393,0.9339,0.222490891386794,381,0.0877060367454068,0.177477690288714,0.734839895013123,80.1145239136775
"362","Feb 18 04",-0.191536137071651,0.493164352361392,-0.9313,0.7385,0.243211078440031,321,0.0957383177570093,0.168697819314642,0.735644859813084,81.1233047767394
"363","Feb 18 05",-0.204783739837398,0.480360224928867,-0.9524,0.8074,0.230745945693712,246,0.0957967479674797,0.172520325203252,0.731747967479675,82.1155803974706
"364","Feb 18 06",-0.194495939086294,0.452405609823476,-0.9274,0.8126,0.204670835799751,197,0.0945685279187817,0.16338578680203,0.74207614213198,83.1116159052453
"365","Feb 18 07",-0.241906060606061,0.485673012467882,-0.872,0.8065,0.235878275039627,66,0.0926515151515152,0.174727272727273,0.73269696969697,84.4303703703704
"366","Feb 18 08",-0.284759259259259,0.432940305301633,-0.9747,0.6855,0.187437307954671,135,0.0679185185185185,0.174851851851852,0.757274074074074,85.1113395061728
"367","Feb 18 09",-0.158578846153846,0.477243941139115,-0.9747,0.8225,0.227761779353995,104,0.110009615384615,0.160375,0.729625,86.1245325854701
"368","Feb 18 10",-0.305468316831683,0.463854948864555,-0.9393,0.7385,0.215161413586139,101,0.0790495049504951,0.198811881188119,0.72209900990099,87.1695352035204
"369","Feb 18 11",-0.214193333333333,0.474090729311434,-0.9337,0.6908,0.224762019619047,120,0.084975,0.158716666666667,0.756358333333333,88.1639212962963
"370","Feb 18 12",-0.269495424836601,0.50568752695033,-0.9393,0.7385,0.255719874913141,153,0.0975424836601307,0.190196078431373,0.712281045751634,89.1833605664488
"371","Feb 18 13",-0.19325628742515,0.465403775017556,-0.9747,0.7906,0.216600673800592,167,0.0924431137724551,0.167754491017964,0.739850299401198,90.1599634065203
"372","Feb 18 14",-0.233868679245283,0.445956763557033,-0.9246,0.8267,0.198877434962264,265,0.0821283018867925,0.162218867924528,0.755671698113208,91.1950513626834
"373","Feb 18 15",-0.223223333333333,0.472009690949302,-0.9485,0.8122,0.222793148350056,300,0.0814866666666667,0.16122,0.757313333333333,92.1792222222222
"374","Feb 18 16",-0.289034218289086,0.459805936306102,-0.9747,0.7842,0.211421499062331,339,0.0726843657817109,0.178896755162242,0.748474926253687,93.1732522123894
"375","Feb 18 17",-0.278303773584906,0.446654806173194,-0.9417,0.9442,0.199500515877613,371,0.0706711590296496,0.169382749326146,0.759956873315364,94.1492437855645
"376","Feb 18 18",-0.311044050632911,0.454464637217256,-0.9747,0.8493,0.206538106481012,395,0.0670379746835443,0.177756962025316,0.755207594936709,95.1513593530239
"377","Feb 18 19",-0.302181388888889,0.452370619941621,-0.9287,0.7717,0.204639177786367,360,0.064825,0.173625,0.761583333333333,96.1535586419753
"378","Feb 18 20",-0.291582558139535,0.437761209237377,-0.9393,0.7385,0.191634876312971,344,0.0644505813953488,0.166078488372093,0.769491279069767,97.1749135981912
"379","Feb 18 21",-0.340006034482759,0.442997692493153,-0.9569,0.8122,0.196246955554258,348,0.0566206896551724,0.176436781609195,0.766922413793103,98.1597030651341
"380","Feb 18 22",-0.290216573033708,0.448224304989941,-0.9259,0.7814,0.200905027583716,356,0.0599691011235955,0.165564606741573,0.774494382022472,99.165211454432
"381","Feb 18 23",-0.222471466666667,0.464679731075546,-0.9393,0.836,0.215927252472442,375,0.0652586666666667,0.148,0.786762666666667,100.145704444444
"382","Feb 19 00",-0.25695737704918,0.453973872505932,-0.9522,0.7184,0.206092276918033,366,0.0682896174863388,0.161622950819672,0.770122950819672,101.153463114754
"383","Feb 19 01",-0.264561006289308,0.475126260013261,-0.9524,0.9035,0.225744962954189,318,0.0686666666666667,0.162323899371069,0.769034591194969,102.150987945493
"384","Feb 19 02",-0.295582105263158,0.458365322498105,-0.9412,0.769,0.210098768868792,285,0.0610385964912281,0.168294736842105,0.770687719298246,103.168134502924
"385","Feb 19 03",-0.314308955223881,0.489280511129545,-0.9509,0.8316,0.239395418571189,268,0.0663917910447761,0.186328358208955,0.747305970149254,104.120258084577
"386","Feb 19 04",-0.252113191489362,0.502136370064428,-0.926,0.8939,0.25214093414148,235,0.0714212765957447,0.160042553191489,0.768523404255319,105.152793144208
"387","Feb 19 05",-0.269602884615385,0.459611753077005,-0.926,0.8805,0.211242963566518,208,0.0662163461538462,0.160288461538462,0.7735,106.116521100427
"388","Feb 19 06",-0.169531756756757,0.501687788382235,-0.93,0.8939,0.251690637011859,148,0.0823851351351351,0.148864864864865,0.768858108108108,107.131927552553
"389","Feb 19 07",-0.161945098039216,0.462454255603179,-0.882,0.7574,0.21386393852549,51,0.076843137254902,0.136392156862745,0.786725490196078,108.416160130719
"390","Feb 19 08",-0.260802597402597,0.504425330913158,-0.9286,0.6909,0.254444914466849,77,0.0784025974025974,0.179038961038961,0.742584415584416,109.064848484848
"391","Feb 19 09",-0.24380119047619,0.493317303860023,-0.9286,0.6369,0.243361962287722,84,0.0780952380952381,0.171059523809524,0.750857142857143,110.184404761905
"392","Feb 19 10",-0.198427027027027,0.511762989421593,-0.9246,0.7096,0.261901357341725,74,0.0804324324324324,0.161608108108108,0.757959459459459,111.102102102102
"393","Feb 19 11",-0.215625225225225,0.483128534651253,-0.9246,0.7133,0.233413180994267,111,0.0802972972972973,0.170774774774775,0.748945945945946,112.150643143143
"394","Feb 19 12",-0.267965243902439,0.535713096183619,-0.9246,0.836,0.286988521422639,164,0.0841646341463415,0.191951219512195,0.723920731707317,113.206026422764
"395","Feb 19 13",-0.31426261682243,0.529270401177955,-0.9393,0.8955,0.280127157563073,214,0.0750420560747664,0.20803738317757,0.716957943925234,114.172721962617
"396","Feb 19 14",-0.269820634920635,0.487444794853101,-0.9393,0.836,0.237602428029382,189,0.0745185185185185,0.178730158730159,0.746751322751323,115.150380658436
"397","Feb 19 15",-0.21923119266055,0.499848350679396,-0.9246,0.8528,0.249848373676912,218,0.0820183486238532,0.164669724770642,0.753311926605505,116.172014525994
"398","Feb 19 16",-0.337804,0.474763611422489,-0.9417,0.836,0.225400486730924,250,0.062712,0.193776,0.74352,117.13513
"399","Feb 19 17",-0.367346107784431,0.47197520341906,-0.9538,0.9178,0.222760592642463,334,0.0548562874251497,0.196269461077844,0.748877245508982,118.186852960745
"400","Feb 19 18",-0.328136328125,0.45767579197227,-0.9477,0.836,0.209467130557445,256,0.0553984375,0.18325,0.7613359375,119.123523220486
"401","Feb 19 19",-0.296634074074074,0.471803726859494,-0.93,0.836,0.222598756678508,270,0.0577,0.169822222222222,0.772481481481481,120.132863168724
"402","Feb 19 20",-0.309328853754941,0.458337554436699,-0.9266,0.8645,0.210073313807014,253,0.0674308300395257,0.180695652173913,0.751865612648221,121.144600351339
"403","Feb 19 21",-0.311221030042918,0.448382213067697,-0.9538,0.8549,0.201046608995486,233,0.058755364806867,0.175017167381974,0.766248927038627,122.098568192656
"404","Feb 19 22",-0.319231330472103,0.460387015517678,-0.9322,0.836,0.211956204057274,233,0.0588969957081545,0.174854077253219,0.766244635193133,123.186808536004
"405","Feb 19 23",-0.341198936170213,0.481588520444347,-0.9369,0.8519,0.231927503023775,282,0.0576879432624113,0.191748226950355,0.750578014184397,124.147708825847
"406","Feb 20 00",-0.354463070539419,0.466181976455761,-0.9524,0.7506,0.217325635172199,241,0.0646141078838174,0.189755186721992,0.745663900414938,125.178858921162
"407","Feb 20 01",-0.380254922279793,0.427642375766441,-0.9477,0.8658,0.182878001551166,193,0.0491243523316062,0.191948186528497,0.758974093264249,126.164964018423
"408","Feb 20 02",-0.308437435897436,0.499935828029989,-0.9403,0.8481,0.249935832148031,195,0.0702051282051282,0.189420512820513,0.740415384615385,127.169086894587
"409","Feb 20 03",-0.361118095238095,0.45331859932498,-0.9538,0.8705,0.205497752493962,210,0.0605619047619048,0.201428571428571,0.738019047619048,128.122850529101
"410","Feb 20 04",-0.284517834394904,0.436136406341303,-0.9476,0.7866,0.190214964936306,157,0.0732611464968153,0.178808917197452,0.747828025477707,129.172876857749
"411","Feb 20 05",-0.307628767123288,0.47518986941467,-0.9538,0.8221,0.225805411994331,146,0.084041095890411,0.195547945205479,0.720417808219178,130.122363013699
"412","Feb 20 06",-0.262942307692308,0.471135230250267,-0.926,0.8201,0.221968405182972,104,0.0714326923076923,0.169644230769231,0.758875,131.114113247863
"413","Feb 20 07",-0.219597435897436,0.501848827881349,-0.9537,0.7273,0.251852246045884,39,0.0733333333333333,0.165205128205128,0.761435897435897,132.410712250712
"414","Feb 20 08",-0.254618181818182,0.510241134385356,-0.9538,0.8493,0.260346015218855,55,0.0830181818181818,0.195890909090909,0.720981818181818,133.11154040404
"415","Feb 20 09",-0.268662264150943,0.399479217340631,-0.9287,0.7264,0.159583645087083,53,0.0845660377358491,0.189169811320755,0.72622641509434,134.112678197065
"416","Feb 20 10",-0.179105,0.463414076443263,-0.9382,0.639,0.214752606245763,60,0.0983,0.155316666666667,0.7463,135.189212962963
"417","Feb 20 11",-0.278064285714286,0.465815036420943,-0.9201,0.807,0.216983648155844,56,0.0586964285714286,0.169464285714286,0.771839285714286,136.155610119048
"418","Feb 20 12",-0.27763652173913,0.451020131485657,-0.9382,0.7067,0.203419159005339,115,0.074504347826087,0.184869565217391,0.740617391304348,137.214775362319
"419","Feb 20 13",-0.232598701298701,0.467732706891812,-0.9679,0.9081,0.218773885096342,154,0.0729675324675325,0.167545454545455,0.759435064935065,138.162081529582
"420","Feb 20 14",-0.263194160583942,0.449444211477194,-0.9246,0.8646,0.202000099230356,137,0.0753138686131387,0.175357664233577,0.749313868613139,139.170669099757
"421","Feb 20 15",-0.267024598930481,0.429761569598152,-0.93,0.7195,0.184695006703467,187,0.0737647058823529,0.171914438502674,0.754299465240642,140.161745395128
"422","Feb 20 16",-0.285244919786096,0.456727251628329,-0.9648,0.7717,0.208599782379967,187,0.0752192513368984,0.177117647058824,0.747700534759358,141.156004159239
"423","Feb 20 17",-0.260378571428571,0.44521325180308,-0.9201,0.8555,0.198214839581073,238,0.0749873949579832,0.164819327731092,0.760210084033613,142.150419000934
"424","Feb 20 18",-0.267704522613065,0.437015510472551,-0.9423,0.7345,0.190982556393584,199,0.0699145728643216,0.16391959798995,0.766241206030151,143.140586264657
"425","Feb 20 19",-0.295944897959184,0.45703935694378,-0.9423,0.8316,0.208884973795584,245,0.0740367346938775,0.181448979591837,0.744551020408163,144.184709750567
"426","Feb 20 20",-0.249789035087719,0.459810054360161,-0.9442,0.6948,0.211425286090695,228,0.0716622807017544,0.167135964912281,0.761298245614035,145.12594420078
"427","Feb 20 21",-0.203156967213115,0.475611621816819,-0.9201,0.8493,0.226206414807225,244,0.0843770491803279,0.15397131147541,0.761663934426229,146.187980418944
"428","Feb 20 22",-0.253170588235294,0.462389064581904,-0.9413,0.765,0.213803647044928,255,0.0764980392156863,0.167329411764706,0.756223529411765,147.169589324619
"429","Feb 20 23",-0.240121580547112,0.471873614217891,-0.9349,0.765,0.222664707795055,329,0.0787872340425532,0.167379939209726,0.753844984802432,148.140328436339
"430","Feb 21 00",-0.215345,0.424313055175203,-0.916,0.6948,0.180041568792115,280,0.0742464285714286,0.148592857142857,0.777192857142857,149.139000992064
"431","Feb 21 01",-0.271454692556634,0.453218731723134,-0.9319,0.8316,0.205407218784727,309,0.0775598705501618,0.172789644012945,0.749660194174757,150.151748471773
"432","Feb 21 02",-0.264006418918919,0.448281451306851,-0.9391,0.7915,0.200956259585776,296,0.0730135135135135,0.164476351351351,0.762543918918919,151.151141141141
"433","Feb 21 03",-0.253351503759399,0.475164710050079,-0.9477,0.8493,0.225781501676975,266,0.0703082706766917,0.15940977443609,0.770315789473684,152.120393692565
"434","Feb 21 04",-0.22245076142132,0.500281053827041,-0.962,0.7992,0.250281132818295,197,0.0854822335025381,0.16561421319797,0.748913705583756,153.12190214326
"435","Feb 21 05",-0.30694598540146,0.459312993216435,-0.962,0.8658,0.210968425737441,137,0.0655620437956204,0.181401459854015,0.753058394160584,154.130630575831
"436","Feb 21 06",-0.263491,0.491521560527752,-0.962,0.7306,0.241593444463636,100,0.06465,0.17813,0.75721,155.120475
"437","Feb 21 07",-0.243380952380952,0.503575348705098,-0.926,0.6597,0.253588131823461,42,0.0845952380952381,0.174333333333333,0.74102380952381,156.400972222222
"438","Feb 21 08",-0.289313698630137,0.462310136198595,-0.962,0.6677,0.213730662031964,73,0.0598904109589041,0.174958904109589,0.765164383561644,157.038420852359
"439","Feb 21 09",-0.353107936507937,0.38376994549473,-0.962,0.6597,0.147279371065028,63,0.0520952380952381,0.182253968253968,0.765714285714286,158.163602292769
"440","Feb 21 10",-0.193863636363636,0.435656336850945,-0.962,0.6114,0.189796443838384,55,0.0757454545454545,0.150472727272727,0.7738,159.193813131313
"441","Feb 21 11",-0.28365487804878,0.459607089081463,-0.9201,0.6597,0.211238676333935,82,0.0640365853658537,0.165329268292683,0.77059756097561,160.165176151762
"442","Feb 21 12",-0.281082706766917,0.480027976538123,-0.962,0.9081,0.230426858259285,133,0.0670601503759398,0.170233082706767,0.762714285714286,161.17903091061
"443","Feb 21 13",-0.365358928571429,0.433794321876461,-0.962,0.7574,0.188177513692258,168,0.0571369047619048,0.197005952380952,0.745815476190476,162.169330357143
"444","Feb 21 14",-0.356166341463415,0.443514970444751,-0.9747,0.7901,0.196705529008608,205,0.0589073170731707,0.195541463414634,0.745570731707317,163.129967479675
"445","Feb 21 15",-0.375351428571429,0.469839504433353,-0.962,0.8555,0.220749159926179,210,0.0545952380952381,0.204757142857143,0.740661904761905,164.196064814815
"446","Feb 21 16",-0.314787820512821,0.433634854741499,-0.962,0.8487,0.188039187246681,312,0.0552403846153846,0.176900641025641,0.767926282051282,165.161587428775
"447","Feb 21 17",-0.336291196388262,0.432651770184277,-0.9538,0.8176,0.187187554243588,443,0.0574537246049661,0.188374717832957,0.754221218961625,166.167979056935
"448","Feb 21 18",-0.343013457076566,0.446634223586764,-0.962,0.8622,0.199482129678951,431,0.06084686774942,0.193218097447796,0.745967517401392,167.133841196185
"449","Feb 21 19",-0.344473066666667,0.453895943156394,-0.962,0.8997,0.206021527213833,375,0.0659786666666667,0.200688,0.733376,168.148312592593
"450","Feb 21 20",-0.354750842696629,0.435918696159341,-0.962,0.8658,0.19002510966126,356,0.0590786516853933,0.195112359550562,0.745823033707865,169.160269975031
"451","Feb 21 21",-0.334533440514469,0.427385731161799,-0.9571,0.9013,0.182658563200706,311,0.0650932475884244,0.188218649517685,0.746720257234727,170.154734726688
"452","Feb 21 22",-0.265683711340206,0.449422840621333,-0.9571,0.92,0.201980889672148,485,0.0696948453608247,0.17379793814433,0.756529896907217,171.161072737686
"453","Feb 21 23",-0.273986157024793,0.461685159133455,-0.9571,0.8834,0.213153186164083,484,0.0643719008264463,0.168369834710744,0.767301652892562,172.137272153352
"454","Feb 22 00",-0.293318801652893,0.464073246964806,-0.962,0.8834,0.215363978548458,484,0.0595578512396694,0.16870867768595,0.771747933884298,173.138606519743
"455","Feb 22 01",-0.27767389380531,0.449393186310519,-0.9747,0.7177,0.201954235902321,452,0.0637588495575221,0.169654867256637,0.766590707964602,174.149512659784
"456","Feb 22 02",-0.295400655021834,0.459154842352324,-0.9417,0.9169,0.210823169255588,458,0.0720633187772926,0.174938864628821,0.753002183406114,175.187108199903
"457","Feb 22 03",-0.2372390625,0.468522883392873,-0.9571,0.8519,0.219513692262772,576,0.0730277777777778,0.155534722222222,0.771416666666667,176.176231674383
"458","Feb 22 04",-0.267696276595745,0.477501201177998,-0.9749,0.8856,0.228007397126431,564,0.0726950354609929,0.169455673758865,0.757859929078014,177.099046985816
"459","Feb 22 05",-0.274676536312849,0.456189448651937,-0.9446,0.8867,0.208108813061359,358,0.0770307262569832,0.172650837988827,0.750371508379888,178.134175977654
"460","Feb 22 06",-0.268543220338983,0.458900892184203,-0.9304,0.8697,0.210590028847457,236,0.0708983050847458,0.168656779661017,0.760474576271186,179.111504237288
"461","Feb 22 07",-0.219607142857143,0.495461741980381,-0.962,0.8519,0.245482337766234,56,0.0791785714285714,0.149375,0.771482142857143,180.372212301587
"462","Feb 22 08",-0.267595862068966,0.440000821475853,-0.9196,0.8172,0.193600722899425,145,0.0688620689655172,0.172186206896552,0.758979310344828,181.139816091954
"463","Feb 22 09",-0.300234042553191,0.443733747435993,-0.9571,0.8225,0.196899638613589,94,0.0642659574468085,0.183723404255319,0.752042553191489,182.05045212766
"464","Feb 22 10",-0.299712931034483,0.465696826838005,-0.9231,0.7097,0.216873534526987,116,0.0769827586206897,0.181068965517241,0.74198275862069,183.128409961686
"465","Feb 22 11",-0.320461290322581,0.451475636596132,-0.9749,0.7096,0.203830250439883,155,0.0614258064516129,0.17961935483871,0.75898064516129,184.2085
"466","Feb 22 12",-0.259944396551724,0.478000512020934,-0.9584,0.8858,0.228484489492275,232,0.0790818965517241,0.17473275862069,0.746224137931034,185.189828783525
"467","Feb 22 13",-0.211788515406162,0.488486440483534,-0.962,0.8655,0.238619002536273,357,0.0786190476190476,0.159761904761905,0.761658263305322,186.179391534392
"468","Feb 22 14",-0.188955131264916,0.482632560605004,-0.9584,0.9042,0.232934188556143,419,0.0900715990453461,0.162415274463007,0.747508353221957,187.187918987006
"469","Feb 22 15",-0.165733444259567,0.490744168377255,-0.958,0.908,0.240829838796284,601,0.0874658901830283,0.148544093178037,0.763996672212978,188.161657422814
"470","Feb 22 16",-0.186118,0.481242065336712,-0.958,0.9398,0.231593925449544,550,0.0869090909090909,0.15278,0.760330909090909,189.147606060606
"471","Feb 22 17",-0.12883900990099,0.496801987081439,-0.9509,0.9398,0.246812214368066,505,0.0896891089108911,0.139453465346535,0.770855445544554,190.153155665567
"472","Feb 22 18",-0.180759448818898,0.48900329223015,-0.962,0.8718,0.239124219811925,508,0.0811377952755905,0.144950787401575,0.773927165354331,191.138288495188
"473","Feb 22 19",-0.177404976303318,0.487874310698269,-0.9325,0.8555,0.238021343039311,422,0.0881445497630332,0.150917061611374,0.760938388625592,192.140144813059
"474","Feb 22 20",-0.185581306306306,0.499278432149865,-0.9544,0.8668,0.249278952810027,444,0.0872815315315315,0.15472972972973,0.758015765765766,193.144011511512
"475","Feb 22 21",-0.199539358600583,0.480896123294404,-0.9545,0.836,0.231261081399587,343,0.079399416909621,0.147008746355685,0.77365889212828,194.242226271461
"476","Feb 22 22",-0.231297080291971,0.484000490214669,-0.9576,0.8555,0.23425647452804,411,0.080301703163017,0.158727493917275,0.761021897810219,195.150750202758
"477","Feb 22 23",-0.219659948979592,0.490485294682462,-0.9631,0.9022,0.240575824299742,392,0.0818571428571429,0.161752551020408,0.756438775510204,196.174691751701
"478","Feb 23 00",-0.26871843575419,0.462311237816638,-0.9501,0.9398,0.213731680611552,358,0.0728212290502793,0.170840782122905,0.756385474860335,197.137456548727
"479","Feb 23 01",-0.254460185185185,0.475471792647763,-0.9631,0.8519,0.226073425603678,432,0.0767800925925926,0.167916666666667,0.755293981481482,198.19380787037
"480","Feb 23 02",-0.151616594827586,0.434928435666907,-0.9246,0.8555,0.189162744151663,464,0.0889806034482759,0.138603448275862,0.77245474137931,199.183137571839
"481","Feb 23 03",-0.14457546728972,0.46457149376166,-0.9209,0.8519,0.21582667281594,428,0.0908341121495327,0.145119158878505,0.764084112149533,200.136103971963
"482","Feb 23 04",-0.209528525641026,0.471517835897565,-0.9524,0.8555,0.222329069569523,312,0.0885352564102564,0.166945512820513,0.744570512820513,201.127093126781
"483","Feb 23 05",-0.187965202702703,0.465595530846641,-0.9313,0.836,0.216779198344366,296,0.0881756756756757,0.153570945945946,0.758327702702703,202.153774399399
"484","Feb 23 06",-0.165055029585799,0.478623844986262,-0.9169,0.7964,0.229080784989434,169,0.0912781065088757,0.145284023668639,0.763491124260355,203.123985864563
"485","Feb 23 07",-0.194301333333333,0.43714108381661,-0.9304,0.7939,0.19109232716036,75,0.0830533333333333,0.150266666666667,0.766773333333333,204.402592592593
"486","Feb 23 08",-0.158357,0.461536308530455,-0.9524,0.7939,0.213015764091919,100,0.08151,0.14967,0.76891,205.093244444444
"487","Feb 23 09",-0.11000119047619,0.484766662163926,-0.9409,0.8555,0.234998716745554,84,0.0910714285714286,0.134095238095238,0.774845238095238,206.144401455026
"488","Feb 23 10",-0.102242682926829,0.508229823834344,-0.8581,0.895,0.258297553834688,82,0.111670731707317,0.145707317073171,0.742670731707317,207.195565718157
"489","Feb 23 11",-0.134027338129496,0.463126566700122,-0.9325,0.8555,0.214486216783443,139,0.0902374100719424,0.137079136690647,0.772690647482014,208.186282973621
"490","Feb 23 12",-0.173520952380952,0.470849283313859,-0.9544,0.8335,0.221699047597175,210,0.0888,0.157433333333333,0.753757142857143,209.236518518519
"491","Feb 23 13",-0.107974013157895,0.462007234040717,-0.9423,0.8718,0.213450684305954,304,0.0964078947368421,0.140805921052632,0.762802631578947,210.192421418129
"492","Feb 23 14",-0.134615072463768,0.473692125143878,-0.9694,0.8555,0.224384229423323,345,0.0909391304347826,0.149301449275362,0.759768115942029,211.134400966184
"493","Feb 23 15",-0.152919637462236,0.480868003316088,-0.9313,0.8979,0.231234036613202,331,0.0928851963746224,0.152963746223565,0.754148036253776,212.163945115811
"494","Feb 23 16",-0.184950837988827,0.434584047290003,-0.9393,0.9001,0.18886329415896,358,0.0783296089385475,0.145254189944134,0.776418994413408,213.148344972067
"495","Feb 23 17",-0.217511497326203,0.458147621118008,-0.9462,0.8779,0.20989924273609,374,0.0719625668449198,0.152582887700535,0.775513368983957,214.110034165181
"496","Feb 23 18",-0.192602387267905,0.468676717187495,-0.9403,0.8622,0.219657865233648,377,0.0860424403183024,0.158098143236074,0.755901856763926,215.14375331565
"497","Feb 23 19",-0.208140740740741,0.463320702776343,-0.9136,0.836,0.214666073621164,351,0.077034188034188,0.150840455840456,0.772133903133903,216.147338556505
"498","Feb 23 20",-0.228239329268293,0.448953462108947,-0.9371,0.838,0.20155921113961,328,0.0782225609756098,0.158560975609756,0.763295731707317,217.140748644986
"499","Feb 23 21",-0.231577974683544,0.465498041560215,-0.9631,0.8779,0.216688426696396,395,0.0821569620253165,0.158708860759494,0.759113924050633,218.154150492264
"500","Feb 23 22",-0.212497969543147,0.513229016328942,-0.9631,0.8422,0.263404023201974,394,0.0879796954314721,0.166672588832487,0.745304568527919,219.142384376763
"501","Feb 23 23",-0.230909302325581,0.471826963916041,-0.9631,0.9291,0.222620683878229,344,0.0828226744186046,0.164331395348837,0.752816860465116,220.151472868217
"502","Feb 24 00",-0.225136389684814,0.496574985273697,-0.9674,0.9086,0.246586715999572,349,0.0873839541547278,0.16747564469914,0.74512893982808,221.138022126711
"503","Feb 24 01",-0.262513819095477,0.506266055873749,-0.9631,0.892,0.256305319329962,398,0.0827336683417085,0.177409547738693,0.739871859296482,222.174356504746
"504","Feb 24 02",-0.270328650137741,0.479064663053796,-0.8934,0.9086,0.229502951386847,363,0.0761157024793388,0.17996694214876,0.743892561983471,223.157721916131
"505","Feb 24 03",-0.345218598382749,0.482117575661034,-0.9631,0.872,0.232437356761273,371,0.067811320754717,0.200380053908356,0.731840970350404,224.132124887691
"506","Feb 24 04",-0.385862921348315,0.460856158398666,-0.9153,0.7845,0.212388398733977,356,0.0646404494382022,0.216983146067416,0.718373595505618,225.146906210986
"507","Feb 24 05",-0.344919434628975,0.505081697636751,-0.9631,0.8395,0.255107521287622,283,0.0673851590106007,0.211491166077739,0.721137809187279,226.149070475069
"508","Feb 24 06",-0.362330555555556,0.489983874093222,-0.9631,0.7845,0.240084196871403,252,0.0614484126984127,0.211543650793651,0.727031746031746,227.144684744268
"509","Feb 24 07",-0.455097435897436,0.475144402923683,-0.9442,0.7845,0.225762203629704,78,0.0504487179487179,0.243897435897436,0.705653846153846,228.403030626781
"510","Feb 24 08",-0.385894736842105,0.451662455473344,-0.891,0.7845,0.20399897368421,133,0.0577443609022556,0.213157894736842,0.72909022556391,229.130666248956
"511","Feb 24 09",-0.402896116504854,0.493431320473261,-0.8316,0.743,0.243474468023986,103,0.0659417475728155,0.232271844660194,0.701825242718447,230.129956850054
"512","Feb 24 10",-0.384682828282828,0.493031168870319,-0.9062,0.8689,0.243079733477633,99,0.0576969696969697,0.228777777777778,0.713525252525253,231.162188552189
"513","Feb 24 11",-0.263051754385965,0.516164093108571,-0.9022,0.8699,0.266425371014594,114,0.0804561403508772,0.179008771929825,0.740508771929825,232.170068226121
"514","Feb 24 12",-0.343857671957672,0.473654749821633,-0.9564,0.9081,0.224348822028594,189,0.0651216931216931,0.20210582010582,0.732761904761905,233.141247795414
"515","Feb 24 13",-0.352401838235294,0.470663923819109,-0.9348,0.7845,0.2215245291848,272,0.0652279411764706,0.205860294117647,0.728941176470588,234.155643382353
"516","Feb 24 14",-0.247362574850299,0.483578145587088,-0.9274,0.9086,0.233847822889447,334,0.0782005988023952,0.177311377245509,0.744476047904192,235.196778110446
"517","Feb 24 15",-0.272652574525745,0.504267176153474,-0.9231,0.9458,0.254285384945799,369,0.0746422764227642,0.187636856368564,0.737742547425474,236.148144384222
"518","Feb 24 16",-0.273182890855457,0.500116282575306,-0.9631,0.8689,0.250116296096943,339,0.0813333333333333,0.190920353982301,0.727772861356932,237.137991642085
"519","Feb 24 17",-0.345454639175258,0.478122207145309,-0.9631,0.8952,0.228600844965502,388,0.0606185567010309,0.202469072164948,0.736907216494845,238.148788659794
"520","Feb 24 18",-0.299026934097421,0.524716459302807,-0.9137,0.8591,0.275327362663275,349,0.0731833810888252,0.197378223495702,0.72945558739255,239.147189589303
"521","Feb 24 19",-0.324622049689441,0.441295823575093,-0.9631,0.8422,0.19474200390482,322,0.0620496894409938,0.187878881987578,0.750052795031056,240.127972739821
"522","Feb 24 20",-0.276262116040956,0.505615476117996,-0.9712,0.8668,0.255647009690028,293,0.0750443686006826,0.189686006825939,0.735232081911263,241.147735115662
"523","Feb 24 21",-0.249148301886792,0.528400579442396,-0.9702,0.9349,0.27920717235506,265,0.0841622641509434,0.183094339622642,0.732747169811321,242.137947589099
"524","Feb 24 22",-0.209772444444444,0.489816726517773,-0.9702,0.9458,0.239920425576587,225,0.0824977777777778,0.166577777777778,0.750906666666667,243.158061728395
"525","Feb 24 23",-0.21920462184874,0.527600071596061,-0.9702,0.8555,0.278361835548168,238,0.0812857142857143,0.174899159663866,0.743844537815126,244.145757469655
"526","Feb 25 00",-0.205797512437811,0.508397597696705,-0.9702,0.895,0.258468117343781,201,0.0914577114427861,0.177024875621891,0.731512437810945,245.149115533444
"527","Feb 25 01",-0.173288349514563,0.512462723698687,-0.9544,0.8668,0.262618043180677,206,0.101485436893204,0.169004854368932,0.729485436893204,246.173794498382
"528","Feb 25 02",-0.168399528301887,0.55299308133941,-0.9702,0.8957,0.305801348009256,212,0.0895754716981132,0.165905660377358,0.744537735849057,247.164105083857
"529","Feb 25 03",-0.238487555555556,0.51822628410847,-0.9702,0.8555,0.268558481540873,225,0.0908533333333333,0.184662222222222,0.724506666666667,248.158475308642
"530","Feb 25 04",-0.232240340909091,0.500022529912858,-0.9325,0.7845,0.250022530420455,176,0.0748579545454545,0.169142045454545,0.755994318181818,249.135424558081
"531","Feb 25 05",-0.130327536231884,0.508750568107879,-0.9564,0.807,0.25882714055009,138,0.0822463768115942,0.140115942028986,0.777659420289855,250.107363123994
"532","Feb 25 06",-0.10340990990991,0.512982790771946,-0.9702,0.9458,0.263151343628174,111,0.0951891891891892,0.135234234234234,0.769621621621622,251.161576576577
"533","Feb 25 07",-0.407176315789474,0.380893312319662,-0.9079,0.7788,0.145079715369844,38,0.0608947368421053,0.198342105263158,0.740789473684211,252.406673976608
"534","Feb 25 08",-0.248747945205479,0.490492603611011,-0.886,0.8555,0.240582994197108,73,0.0686164383561644,0.171301369863014,0.760095890410959,253.119790715373
"535","Feb 25 09",-0.277601666666667,0.522808148203223,-0.9325,0.7845,0.273328359827684,60,0.0863166666666667,0.199483333333333,0.714166666666667,254.118435185185
"536","Feb 25 10",-0.194270833333333,0.480894537010923,-0.9039,0.6996,0.23125955572695,48,0.0605,0.143166666666667,0.796375,255.1090625
"537","Feb 25 11",-0.140150909090909,0.512634446998208,-0.962,0.8555,0.262794076249158,55,0.0827272727272727,0.1506,0.766636363636364,256.113752525252
"538","Feb 25 12",-0.193662,0.489237166832305,-0.9451,0.8633,0.239353005410101,100,0.09522,0.16272,0.74203,257.159933333333
"539","Feb 25 13",-0.0602389261744966,0.556990072660261,-0.9136,0.8828,0.310237941042082,149,0.115926174496644,0.138852348993289,0.745255033557047,258.187276286353
"540","Feb 25 14",-0.214732547169811,0.470241193862102,-0.9631,0.9442,0.221126780404855,212,0.0846037735849057,0.154533018867925,0.760825471698113,259.143691037736
"541","Feb 25 15",-0.145714644351464,0.52023581917987,-0.9702,0.9363,0.270645307557751,239,0.0963765690376569,0.146661087866109,0.756962343096234,260.164457229196
"542","Feb 25 16",-0.168608108108108,0.473538044936025,-0.9325,0.8579,0.224238280001832,296,0.0984797297297297,0.144668918918919,0.756858108108108,261.173597034535
"543","Feb 25 17",-0.202156549520767,0.505877664309297,-0.9702,0.8579,0.25591221124703,313,0.10082428115016,0.1694696485623,0.729712460063898,262.120998402556
"544","Feb 25 18",-0.210755390334572,0.514211287097698,-0.9538,0.9363,0.264413247778672,269,0.0957881040892193,0.169171003717472,0.735063197026022,263.131068773234
"545","Feb 25 19",-0.217578360655738,0.480930495502086,-0.9287,0.8912,0.231294141503882,305,0.0956327868852459,0.165944262295082,0.738429508196721,264.163423497268
"546","Feb 25 20",-0.205819494584838,0.457698674113495,-0.9186,0.8579,0.209488076285251,277,0.0979927797833935,0.156895306859206,0.745119133574007,265.151897312475
"547","Feb 25 21",-0.256545849802372,0.482412120001534,-0.9702,0.8074,0.232721453524374,253,0.0963913043478261,0.176857707509881,0.726762845849802,266.145536890646
"548","Feb 25 22",-0.217478700361011,0.454393258396915,-0.9638,0.85,0.206473233276565,277,0.0882202166064982,0.150790613718412,0.760978339350181,267.135265744083
"549","Feb 25 23",-0.228283643122677,0.462311147518112,-0.9349,0.8934,0.213731597119514,269,0.0935539033457249,0.16410780669145,0.742345724907063,268.147223254853
"550","Feb 26 00",-0.280148421052632,0.467591336832654,-0.9638,0.8579,0.218641658280949,285,0.0814526315789474,0.181677192982456,0.736873684210526,269.158084795322
"551","Feb 26 01",-0.243301661129568,0.505503107373138,-0.9477,0.8579,0.255533391563898,301,0.0969136212624585,0.179664451827243,0.723421926910299,270.143711701735
"552","Feb 26 02",-0.23047722007722,0.478004016539507,-0.9349,0.8579,0.228487839827901,259,0.0995289575289575,0.173915057915058,0.726544401544402,271.168404118404
"553","Feb 26 03",-0.247323741007194,0.447612440438212,-0.9118,0.7783,0.200356896835052,278,0.0761798561151079,0.161852517985612,0.761967625899281,272.18529676259
"554","Feb 26 04",-0.282673529411765,0.456613525026668,-0.9501,0.7616,0.20849591123728,238,0.0787058823529412,0.179899159663866,0.741420168067227,273.142415966387
"555","Feb 26 05",-0.319208121827411,0.454532369174712,-0.9349,0.8828,0.206599674627577,197,0.0761776649746193,0.18802538071066,0.735812182741117,274.096180203046
"556","Feb 26 06",-0.29791968503937,0.468098136678415,-0.9349,0.7579,0.219115865561805,127,0.085007874015748,0.194307086614173,0.720692913385827,275.1152055993
"557","Feb 26 07",-0.285913513513514,0.482337394685828,-0.8957,0.6842,0.232649362312312,37,0.0953783783783784,0.197324324324324,0.707324324324324,276.445810810811
"558","Feb 26 08",-0.20866625,0.434035388787524,-0.9325,0.8402,0.188386718719937,80,0.0812875,0.1549125,0.7638125,277.098611111111
"559","Feb 26 09",-0.270553125,0.432946736329096,-0.9022,0.5859,0.187442876498016,64,0.071015625,0.16703125,0.761921875,278.182374131944
"560","Feb 26 10",-0.161895833333333,0.491858340521283,-0.9349,0.836,0.241924627140351,96,0.0899375,0.142052083333333,0.76796875,279.168003472222
"561","Feb 26 11",-0.223142718446602,0.447420173535632,-0.9349,0.7783,0.200184811686655,103,0.0780582524271845,0.15052427184466,0.771388349514563,280.166108414239
"562","Feb 26 12",-0.309660248447205,0.458256449801787,-0.9118,0.7964,0.209998973784938,161,0.0821366459627329,0.18372049689441,0.734173913043478,281.179703243616
"563","Feb 26 13",-0.247947867298578,0.429645148967312,-0.9136,0.8579,0.184594954031144,211,0.103611374407583,0.178312796208531,0.718094786729858,282.153849394418
"564","Feb 26 14",-0.282543842364532,0.431365133976896,-0.9274,0.9363,0.186075878810906,203,0.0911576354679803,0.181379310344828,0.727448275862069,283.159813902573
"565","Feb 26 15",-0.264823853211009,0.405980085184792,-0.9231,0.7559,0.164819829566651,218,0.0812201834862385,0.164302752293578,0.75447247706422,284.164104230377
"566","Feb 26 16",-0.286142268041237,0.420335531736761,-0.9118,0.7906,0.176681959240425,194,0.080979381443299,0.173798969072165,0.74520618556701,285.175190435281
"567","Feb 26 17",-0.178648717948718,0.442352348463849,-0.9217,0.8233,0.195675600191482,234,0.0858162393162393,0.140760683760684,0.773410256410256,286.19133665717
"568","Feb 26 18",-0.213995154185022,0.456010576188627,-0.9432,0.907,0.207945645595883,227,0.0820748898678414,0.154343612334802,0.7635859030837,287.12776309349
"569","Feb 26 19",-0.224294537815126,0.440956669431397,-0.9287,0.836,0.19444278431603,238,0.0810840336134454,0.156806722689076,0.762109243697479,288.11460550887
"570","Feb 26 20",-0.205351136363636,0.449360541975389,-0.936,0.8591,0.201924896684416,176,0.0873863636363636,0.157988636363636,0.754613636363636,289.132976641414
"571","Feb 26 21",-0.16301862745098,0.470921766949957,-0.9485,0.8519,0.221767310587269,204,0.0885686274509804,0.144838235294118,0.766607843137255,290.125852396514
"572","Feb 26 22",-0.1107,0.477145950102393,-0.9451,0.8286,0.227668257699115,227,0.101599118942731,0.143356828193833,0.755052863436123,291.137968673519
"573","Feb 26 23",-0.199021212121212,0.426919098315489,-0.9231,0.7506,0.18225991650651,264,0.0960189393939394,0.157772727272727,0.746193181818182,292.148726851852
"574","Feb 27 00",-0.136714227642276,0.431038826416346,-0.9644,0.8549,0.185794469878381,246,0.0877845528455285,0.137060975609756,0.775134146341463,293.145893179765
"575","Feb 27 01",-0.0926567765567766,0.461527024214994,-0.9217,0.8692,0.213007194080748,273,0.100684981684982,0.134586080586081,0.764747252747253,294.165622710623
"576","Feb 27 02",-0.141156,0.43041468394279,-0.9222,0.9172,0.185256800153571,225,0.0921911111111111,0.138515555555556,0.769271111111111,295.137333333333
"577","Feb 27 03",-0.180189603960396,0.455369275047794,-0.9544,0.8579,0.207361176657553,202,0.0778366336633663,0.14059900990099,0.781584158415842,296.118102310231
"578","Feb 27 04",-0.200681355932203,0.438536611074488,-0.9287,0.8519,0.192314359252696,177,0.0890734463276836,0.154271186440678,0.756661016949153,297.126778091651
"579","Feb 27 05",-0.169732786885246,0.469158326452566,-0.9371,0.8579,0.220109535279772,122,0.0828606557377049,0.143368852459016,0.773795081967213,298.133117030965
"580","Feb 27 06",-0.188037755102041,0.430317253982827,-0.9217,0.765,0.185172939075321,98,0.0839489795918367,0.145489795918367,0.770591836734694,299.140966553288
"581","Feb 27 07",-0.344614285714286,0.481067076800057,-0.9231,0.8176,0.231425532380952,28,0.0816785714285714,0.200035714285714,0.718214285714286,300.375228174603
"582","Feb 27 08",-0.209139655172414,0.444496324828276,-0.807,0.8555,0.197576982785844,58,0.0713965517241379,0.152241379310345,0.776362068965517,301.043740421456
"583","Feb 27 09",-0.167436842105263,0.456615640852171,-0.8555,0.6808,0.208497843470839,38,0.0857894736842105,0.154315789473684,0.759868421052632,302.173691520468
"584","Feb 27 10",-0.347989655172414,0.395468377731828,-0.9201,0.5574,0.156395237785844,58,0.0519827586206897,0.176689655172414,0.771327586206897,303.198874521073
"585","Feb 27 11",-0.227990697674419,0.454804826304752,-0.9468,0.75,0.206847430030096,86,0.070593023255814,0.155104651162791,0.774313953488372,304.187151162791
"586","Feb 27 12",-0.180721568627451,0.430225016563104,-0.8555,0.7845,0.185093564876723,102,0.0683039215686275,0.133960784313725,0.797754901960784,305.172630718954
"587","Feb 27 13",-0.219180882352941,0.436791415177255,-0.9274,0.8244,0.190786740372549,136,0.0729485294117647,0.152926470588235,0.774147058823529,306.183171977124
"588","Feb 27 14",-0.116930718954248,0.462005807846988,-0.9468,0.8519,0.213449366484348,153,0.0834640522875817,0.135993464052288,0.780601307189542,307.113823529412
"589","Feb 27 15",-0.211563975155279,0.460718593280214,-0.9294,0.8519,0.212261622194099,161,0.0726956521739131,0.152658385093168,0.774670807453416,308.179872325742
"590","Feb 27 16",-0.143852121212121,0.494913230703475,-0.9217,0.836,0.244939105925351,165,0.0867090909090909,0.142254545454545,0.771,309.14111952862
"591","Feb 27 17",-0.180917791411043,0.444102224346114,-0.9136,0.8519,0.197226785669166,163,0.0751656441717791,0.139177914110429,0.785674846625767,310.1813599182
"592","Feb 27 18",-0.129895862068966,0.466039366016652,-0.936,0.8559,0.217192690677203,145,0.0774344827586207,0.129524137931034,0.793041379310345,311.120482758621
"593","Feb 27 19",-0.132174747474747,0.457695034535291,-0.962,0.7592,0.209484744638261,198,0.0807979797979798,0.13240404040404,0.786808080808081,312.156519360269
"594","Feb 27 20",-0.117312365591398,0.480064640250913,-0.9231,0.9246,0.230462058819238,186,0.0878172043010753,0.131408602150538,0.780747311827957,313.175100059737
"595","Feb 27 21",-0.140977325581395,0.496338488194278,-0.9217,0.836,0.246351894862981,172,0.0803953488372093,0.138220930232558,0.781377906976744,314.183758074935
"596","Feb 27 22",-0.172436708860759,0.482838128557697,-0.9153,0.765,0.233132658389099,158,0.0792025316455696,0.145626582278481,0.775183544303797,315.141017932489
"597","Feb 27 23",-0.0963158823529412,0.507107464347692,-0.9209,0.7906,0.257157980397146,170,0.0936823529411765,0.138629411764706,0.767723529411765,316.191117647059
"598","Feb 28 00",-0.184638764044944,0.487921553401948,-0.9118,0.8083,0.23806744227417,178,0.0822752808988764,0.146179775280899,0.771567415730337,317.141554307116
"599","Feb 28 01",-0.168176470588235,0.512974199798044,-0.9544,0.8481,0.263142529658444,187,0.08024064171123,0.145631016042781,0.774112299465241,318.101243315508
"600","Feb 28 02",-0.167650279329609,0.507786064765612,-0.9468,0.8481,0.257846687570146,179,0.072877094972067,0.147608938547486,0.779536312849162,319.162953134699
"601","Feb 28 03",-0.195528248587571,0.481233815659131,-0.9517,0.8519,0.231585985333847,177,0.0813728813559322,0.152700564971751,0.765994350282486,320.142520401758
"602","Feb 28 04",-0.13444701986755,0.504564096200267,-0.8934,0.8591,0.254584927174393,151,0.084635761589404,0.144238410596026,0.771158940397351,321.128506254599
"603","Feb 28 05",-0.205911650485437,0.49342400398245,-0.8834,0.765,0.243467247706073,103,0.0730582524271845,0.156029126213592,0.770932038834951,322.123168824164
"604","Feb 28 06",-0.173442465753425,0.509236125899973,-0.9287,0.7662,0.259321431921613,73,0.0805068493150685,0.149041095890411,0.770479452054795,323.04453957382
"605","Feb 28 07",-0.232778571428571,0.496130840649879,-0.8834,0.5574,0.246145811043956,14,0.0554285714285714,0.156642857142857,0.787928571428571,324.35875
"606","Feb 28 08",-0.29226,0.408964454740726,-0.8834,0.5542,0.167251925241379,30,0.0490333333333333,0.152366666666667,0.798566666666667,325.041185185185
"607","Feb 28 09",-0.142803846153846,0.495499367088007,-0.8834,0.7684,0.245519622784615,26,0.0878846153846154,0.148538461538462,0.763576923076923,326.180908119658
"608","Feb 28 10",-0.0704369565217391,0.465115304394128,-0.9186,0.8316,0.216332246381643,46,0.0993695652173913,0.141521739130435,0.759108695652174,327.140012077295
"609","Feb 28 11",-0.155739583333333,0.483223618883257,-0.8834,0.765,0.233505065846631,48,0.068375,0.132625,0.798979166666667,328.175561342593
"610","Feb 28 12",-0.139473983739837,0.479789165759192,-0.9209,0.8699,0.230197643579901,123,0.0820081300813008,0.13739837398374,0.780577235772358,329.156167570009
"611","Feb 28 13",-0.22203986013986,0.455520660643642,-0.91,0.7375,0.20749907227322,143,0.0733286713286713,0.156013986013986,0.770615384615385,330.137803030303
"612","Feb 28 14",-0.0959976608187134,0.461834006078988,-0.9584,0.8695,0.213290649170967,171,0.0881345029239766,0.126111111111111,0.785754385964912,331.229480181936
"613","Feb 28 15",-0.144043654822335,0.505073051316506,-0.9705,0.8354,0.255098787166166,197,0.0860761421319797,0.150360406091371,0.763573604060914,332.160857304005
"614","Feb 28 16",-0.169494871794872,0.49170802928975,-0.9369,0.8442,0.241776786068009,234,0.0792564102564103,0.149440170940171,0.771282051282051,333.156988366572
"615","Feb 28 17",-0.217264141414141,0.518706359893465,-0.936,0.8771,0.269056287793929,198,0.0692323232323232,0.161434343434343,0.769323232323232,334.126351010101
"616","Feb 28 18",-0.193424855491329,0.499366417079202,-0.946,0.8555,0.24936681850652,173,0.0671965317919075,0.150040462427746,0.782763005780347,335.150627809891
"617","Feb 28 19",-0.306053367875648,0.441120916437076,-0.9682,0.7391,0.194587662918286,193,0.0474818652849741,0.166922279792746,0.78560621761658,336.105113701785
"618","Feb 28 20",-0.229994871794872,0.458921325664382,-0.936,0.7506,0.210608783149554,234,0.0634401709401709,0.151820512820513,0.78475641025641,337.167327872745
"619","Feb 28 21",-0.19421814159292,0.429245268378087,-0.936,0.836,0.184251500424976,226,0.0687522123893805,0.133920353982301,0.797309734513274,338.120093411996
"620","Feb 28 22",-0.202329680365297,0.432708154698473,-0.936,0.7906,0.187236347142558,219,0.0631141552511416,0.142141552511416,0.794735159817352,339.184346778285
"621","Feb 28 23",-0.204643971631206,0.390625730779681,-0.936,0.8058,0.15258846154716,282,0.0531241134751773,0.132145390070922,0.814719858156028,340.270266942474
"622","Mar 01 00",-0.218274233128834,0.381459057440319,-0.9559,0.8074,0.145511012503256,326,0.0441196319018405,0.132386503067485,0.823484662576687,341.130828220859
"623","Mar 01 01",-0.23980395256917,0.412386257892526,-0.936,0.8208,0.170062425698601,253,0.0520869565217391,0.139588932806324,0.808328063241107,342.133138998682
"624","Mar 01 02",-0.195569958847737,0.424552356332354,-0.9299,0.9062,0.180244703267354,243,0.0619753086419753,0.13301646090535,0.805008230452675,343.121025377229
"625","Mar 01 03",-0.203003603603604,0.391103985531044,-0.936,0.8194,0.152962327498267,222,0.0518783783783784,0.119405405405405,0.82872972972973,344.13033033033
"626","Mar 01 04",-0.228609316770186,0.428764310373607,-0.936,0.7906,0.183838833850155,161,0.0590062111801242,0.143211180124224,0.797757763975155,345.098105590062
"627","Mar 01 05",-0.21401811023622,0.446949914529568,-0.9382,0.7845,0.199764226097988,127,0.0649370078740158,0.145433070866142,0.789637795275591,346.118147419073
"628","Mar 01 06",-0.13112,0.461983898455815,-0.9274,0.8316,0.213429122432432,75,0.0719333333333333,0.12244,0.805613333333333,347.136477777778
